source	native	name	p_value	significant	description	term_size	query_size	intersection_size	effective_domain_size	precision	recall	query	parents
GO:BP	GO:0044281	small molecule metabolic process	1.6555886524268857e-35	True	"""The chemical reactions and pathways involving small molecules, any low molecular weight, monomeric, non-encoded molecule."" [GOC:curators, GOC:pde, GOC:vw]"	1776	5569	711	21026	0.12767103609265576	0.40033783783783783	query_1	['GO:0008152']
GO:BP	GO:0006810	transport	1.4794263689728613e-29	True	"""The directed movement of substances (such as macromolecules, small molecules, ions) or cellular components (such as complexes and organelles) into, out of or within a cell, or between cells, or within a multicellular organism by means of some agent such as a transporter or a transporter complex, a pore or a motor protein."" [GOC:dos, GOC:dph, GOC:jl, GOC:mah]"	4407	5569	1483	21026	0.2662955647333453	0.3365100975720445	query_1	['GO:0051234']
GO:BP	GO:0051179	localization	3.928288983541594e-27	True	"""Any process in which a cell, a substance, or a cellular entity, such as a protein complex or organelle, is transported, tethered to or otherwise maintained in a specific location. In the case of substances, localization may also be achieved via selective degradation."" [GOC:ai, GOC:dos]"	5555	5569	1798	21026	0.32285868198958523	0.32367236723672366	query_1	['GO:0008150']
GO:BP	GO:0006796	phosphate-containing compound metabolic process	5.240712156707413e-25	True	"""The chemical reactions and pathways involving the phosphate group, the anion or salt of any phosphoric acid."" [GOC:ai]"	2407	5569	868	21026	0.15586281199497218	0.3606148732862484	query_1	['GO:0006793']
GO:BP	GO:0006793	phosphorus metabolic process	8.38905175725134e-25	True	"""The chemical reactions and pathways involving the nonmetallic element phosphorus or compounds that contain phosphorus."" [GOC:ai]"	2410	5569	868	21026	0.15586281199497218	0.36016597510373444	query_1	['GO:0008152']
GO:BP	GO:0048518	positive regulation of biological process	7.397434789702115e-24	True	"""Any process that activates or increases the frequency, rate or extent of a biological process. Biological processes are regulated by many means; examples include the control of gene expression, protein modification or interaction with a protein or substrate molecule."" [GOC:jid]"	6264	5569	1977	21026	0.355000897827258	0.31561302681992337	query_1	['GO:0008150', 'GO:0050789']
GO:BP	GO:0048522	positive regulation of cellular process	3.1442633037081827e-23	True	"""Any process that activates or increases the frequency, rate or extent of a cellular process, any of those that are carried out at the cellular level, but are not necessarily restricted to a single cell. For example, cell communication occurs among more than one cell, but occurs at the cellular level."" [GOC:jid]"	5920	5569	1877	21026	0.337044352666547	0.31706081081081083	query_1	['GO:0009987', 'GO:0048518', 'GO:0050794']
GO:BP	GO:0006996	organelle organization	1.0941197572779745e-22	True	"""A process that is carried out at the cellular level which results in the assembly, arrangement of constituent parts, or disassembly of an organelle within a cell. An organelle is an organized structure of distinctive morphology and function. Includes the nucleus, mitochondria, plastids, vacuoles, vesicles, ribosomes and the cytoskeleton. Excludes the plasma membrane."" [GOC:mah]"	3594	5569	1210	21026	0.21727419644460405	0.33667223149693937	query_1	['GO:0016043']
GO:BP	GO:0051234	establishment of localization	3.416149557464645e-22	True	"""Any process that localizes a substance or cellular component. This may occur via movement, tethering or selective degradation."" [GOC:ai, GOC:dos]"	4928	5569	1591	21026	0.28568863350691326	0.322849025974026	query_1	['GO:0051179']
GO:BP	GO:0065007	biological regulation	2.5538593382512157e-21	True	"""Any process that modulates a measurable attribute of any biological process, quality or function."" [GOC:dph, GOC:isa_complete, GOC:mah, GOC:pr, GOC:vw]"	12743	5569	3692	21026	0.662955647333453	0.2897276936357216	query_1	['GO:0008150']
GO:BP	GO:0048856	anatomical structure development	4.4280826907078615e-18	True	"""The biological process whose specific outcome is the progression of an anatomical structure from an initial condition to its mature state. This process begins with the formation of the structure and ends with the mature structure, whatever form that may be including its natural destruction. An anatomical structure is any biological entity that occupies space and is distinguished from its surroundings. Anatomical structures can be macroscopic such as a carpel, or microscopic such as an acrosome."" [GO_REF:0000021]"	5997	5569	1864	21026	0.3347100017956545	0.31082207770551945	query_1	['GO:0032502']
GO:BP	GO:0050896	response to stimulus	6.579922117335697e-18	True	"""Any process that results in a change in state or activity of a cell or an organism (in terms of movement, secretion, enzyme production, gene expression, etc.) as a result of a stimulus. The process begins with detection of the stimulus and ends with a change in state or activity or the cell or organism."" [GOC:ai, GOC:bf]"	8999	5569	2682	21026	0.4815945412102711	0.2980331147905323	query_1	['GO:0008150']
GO:BP	GO:0032502	developmental process	1.5342027388667834e-17	True	"""A biological process whose specific outcome is the progression of an integrated living unit: an anatomical structure (which may be a subcellular structure, cell, tissue, or organ), or organism over time from an initial condition to a later condition."" [GOC:isa_complete]"	6553	5569	2014	21026	0.3616448195367211	0.3073401495498245	query_1	['GO:0008150']
GO:BP	GO:0007275	multicellular organism development	3.310306297439787e-17	True	"""The biological process whose specific outcome is the progression of a multicellular organism over time from an initial condition (e.g. a zygote or a young adult) to a later condition (e.g. a multicellular animal or an aged adult)."" [GOC:dph, GOC:ems, GOC:isa_complete, GOC:tb]"	4727	5569	1502	21026	0.2697073083138804	0.31774910090966785	query_1	['GO:0032501', 'GO:0048856']
GO:BP	GO:0009056	catabolic process	1.974641784716523e-16	True	"""A cellular process consisting of the biochemical pathways by which a living organism breaks down substances. This includes the breakdown of carbon compounds with the liberation of energy for use by the cell or organism."" [ISBN:0198547684]"	2639	5569	895	21026	0.16071107918836416	0.33914361500568396	query_1	['GO:0008152']
GO:BP	GO:0019637	organophosphate metabolic process	3.3192974019865736e-16	True	"""The chemical reactions and pathways involving organophosphates, any phosphate-containing organic compound."" [ISBN:0198506732]"	1077	5569	417	21026	0.0748787933201652	0.3871866295264624	query_1	['GO:0006793']
GO:BP	GO:0006950	response to stress	4.3526619244315386e-16	True	"""Any process that results in a change in state or activity of a cell or an organism (in terms of movement, secretion, enzyme production, gene expression, etc.) as a result of a disturbance in organismal or cellular homeostasis, usually, but not necessarily, exogenous (e.g. temperature, humidity, ionizing radiation)."" [GOC:mah]"	3948	5569	1273	21026	0.22858681989585203	0.3224417426545086	query_1	['GO:0050896']
GO:BP	GO:0050789	regulation of biological process	6.062397101135189e-16	True	"""Any process that modulates the frequency, rate or extent of a biological process. Biological processes are regulated by many means; examples include the control of gene expression, protein modification or interaction with a protein or substrate molecule."" [GOC:ai, GOC:go_curators]"	12336	5569	3547	21026	0.6369186568504219	0.28753242542153046	query_1	['GO:0008150', 'GO:0065007']
GO:BP	GO:0051716	cellular response to stimulus	9.392487941205491e-16	True	"""Any process that results in a change in state or activity of a cell (in terms of movement, secretion, enzyme production, gene expression, etc.) as a result of a stimulus. The process begins with detection of the stimulus by a cell and ends with a change in state or activity or the cell."" [GOC:bf, GOC:jl]"	7376	5569	2226	21026	0.39971269527742864	0.3017895878524946	query_1	['GO:0009987', 'GO:0050896']
GO:BP	GO:0080090	regulation of primary metabolic process	2.45584512790003e-15	True	"""Any process that modulates the frequency, rate or extent of the chemical reactions and pathways within a cell or an organism involving those compounds formed as a part of the normal anabolic and catabolic processes. These processes take place in most, if not all, cells of the organism."" [PMID:19211694]"	5390	5569	1675	21026	0.30077213144191056	0.310760667903525	query_1	['GO:0019222', 'GO:0044238']
GO:BP	GO:0015980	energy derivation by oxidation of organic compounds	8.512029642948611e-15	True	"""The chemical reactions and pathways by which a cell derives energy from organic compounds; results in the oxidation of the compounds from which energy is released."" [GOC:mah]"	345	5569	166	21026	0.029807864966780392	0.4811594202898551	query_1	['GO:0006091']
GO:BP	GO:0006629	lipid metabolic process	8.804223321175678e-15	True	"""The chemical reactions and pathways involving lipids, compounds soluble in an organic solvent but not, or sparingly, in an aqueous solvent. Includes fatty acids; neutral fats, other fatty-acid esters, and soaps; long-chain (fatty) alcohols and waxes; sphingoids and other long-chain bases; glycolipids, phospholipids and sphingolipids; and carotenes, polyprenols, sterols, terpenes and other isoprenoids."" [GOC:ma]"	1391	5569	510	21026	0.0915783803196265	0.3666427030913012	query_1	['GO:0044238']
GO:BP	GO:0033554	cellular response to stress	1.0923519633172814e-14	True	"""Any process that results in a change in state or activity of a cell (in terms of movement, secretion, enzyme production, gene expression, etc.) as a result of a stimulus indicating the organism is under stress. The stress is usually, but not necessarily, exogenous (e.g. temperature, humidity, ionizing radiation)."" [GOC:mah]"	1830	5569	644	21026	0.11564015083497935	0.3519125683060109	query_1	['GO:0006950', 'GO:0051716']
GO:BP	GO:0019538	protein metabolic process	3.485002389887703e-14	True	"""The chemical reactions and pathways involving a protein. Includes protein modification."" [GOC:ma]"	4721	5569	1479	21026	0.26557730292691684	0.31328108451599235	query_1	['GO:0043170', 'GO:0044238']
GO:BP	GO:0006091	generation of precursor metabolites and energy	6.553642609532517e-14	True	"""The chemical reactions and pathways resulting in the formation of precursor metabolites, substances from which energy is derived, and any process involved in the liberation of energy from these substances."" [GOC:jl]"	478	5569	211	21026	0.03788831028910038	0.44142259414225943	query_1	['GO:0008152']
GO:BP	GO:0009060	aerobic respiration	1.5722842006679866e-13	True	"""The enzymatic release of energy from inorganic and organic compounds (especially carbohydrates and fats) which requires oxygen as the terminal electron acceptor."" [GOC:das, GOC:jl, ISBN:0140513590]"	199	5569	108	21026	0.019393068773567966	0.542713567839196	query_1	['GO:0045333']
GO:BP	GO:0051649	establishment of localization in cell	1.6486437285055146e-13	True	"""Any process, occurring in a cell, that localizes a substance or cellular component. This may occur via movement, tethering or selective degradation."" [GOC:ai, GOC:dos, GOC:dph, GOC:tb]"	2010	5569	692	21026	0.12425929251212067	0.34427860696517415	query_1	['GO:0051234', 'GO:0051641']
GO:BP	GO:0050794	regulation of cellular process	2.3338098261168436e-13	True	"""Any process that modulates the frequency, rate or extent of a cellular process, any of those that are carried out at the cellular level, but are not necessarily restricted to a single cell. For example, cell communication occurs among more than one cell, but occurs at the cellular level."" [GOC:go_curators]"	11946	5569	3424	21026	0.6148321063027473	0.28662313745186674	query_1	['GO:0009987', 'GO:0050789']
GO:BP	GO:0035556	intracellular signal transduction	2.447289174760788e-13	True	"""The process in which a signal is passed on to downstream components within the cell, which become activated themselves to further propagate the signal and finally trigger a change in the function or state of the cell."" [GOC:bf, GOC:jl, GOC:signaling, ISBN:3527303782]"	2965	5569	972	21026	0.1745376189621117	0.3278246205733558	query_1	['GO:0007165']
GO:BP	GO:0045333	cellular respiration	3.4391579467257387e-13	True	"""The enzymatic release of energy from inorganic and organic compounds (especially carbohydrates and fats) which either requires oxygen (aerobic respiration) or does not (anaerobic respiration)."" [GOC:das, ISBN:0140513590, ISBN:0198506732]"	242	5569	124	21026	0.022266115999281737	0.512396694214876	query_1	['GO:0015980']
GO:BP	GO:0090407	organophosphate biosynthetic process	5.965379413960798e-13	True	"""The chemical reactions and pathways resulting in the biosynthesis of deoxyribose phosphate, the phosphorylated sugar 2-deoxy-erythro-pentose."" [GOC:chem_mtg]"	619	5569	256	21026	0.045968755611420366	0.4135702746365105	query_1	['GO:0009058', 'GO:0019637']
GO:BP	GO:0043436	oxoacid metabolic process	8.62079282244146e-13	True	"""The chemical reactions and pathways involving any oxoacid; an oxoacid is a compound which contains oxygen, at least one other element, and at least one hydrogen bound to oxygen, and which produces a conjugate base by loss of positive hydrogen ion(s) (hydrons)."" [Wikipedia:Oxyacid]"	909	5569	350	21026	0.06284790806248877	0.385038503850385	query_1	['GO:0006082']
GO:BP	GO:0048731	system development	8.974108327695072e-13	True	"""The process whose specific outcome is the progression of an organismal system over time, from its formation to the mature structure. A system is a regularly interacting or interdependent group of organs or tissues that work together to carry out a given biological process."" [GOC:dph, GOC:jid]"	4053	5569	1280	21026	0.22984377805710182	0.3158154453491241	query_1	['GO:0007275', 'GO:0048856']
GO:BP	GO:0006082	organic acid metabolic process	1.472947365838518e-12	True	"""The chemical reactions and pathways involving organic acids, any acidic compound containing carbon in covalent linkage."" [ISBN:0198506732]"	915	5569	351	21026	0.06302747351409589	0.3836065573770492	query_1	['GO:0044281']
GO:BP	GO:0019752	carboxylic acid metabolic process	1.5161758200599032e-12	True	"""The chemical reactions and pathways involving carboxylic acids, any organic acid containing one or more carboxyl (COOH) groups or anions (COO-)."" [ISBN:0198506732]"	887	5569	342	21026	0.061411384449631894	0.3855693348365276	query_1	['GO:0043436']
GO:BP	GO:0051641	cellular localization	5.266126962498071e-12	True	"""A cellular localization process whereby a substance or cellular entity, such as a protein complex or organelle, is transported to, and/or maintained in, a specific location within a cell including the localization of substances or cellular entities to the cell membrane."" [GOC:tb, GOC:vw]"	3661	5569	1163	21026	0.20883462021906984	0.31767276700355096	query_1	['GO:0009987', 'GO:0051179']
GO:BP	GO:0071705	nitrogen compound transport	7.13772341994918e-12	True	"""The directed movement of nitrogen-containing compounds into, out of or within a cell, or between cells, by means of some agent such as a transporter or pore."" [GOC:mah]"	1923	5569	657	21026	0.11797450170587179	0.3416536661466459	query_1	['GO:0006810']
GO:BP	GO:0007005	mitochondrion organization	8.98883872842909e-12	True	"""A process that is carried out at the cellular level which results in the assembly, arrangement of constituent parts, or disassembly of a mitochondrion; includes mitochondrial morphogenesis and distribution, and replication of the mitochondrial genome as well as synthesis of new mitochondrial components."" [GOC:dph, GOC:jl, GOC:mah, GOC:sgd_curators, PMID:9786946]"	435	5569	190	21026	0.03411743580535105	0.4367816091954023	query_1	['GO:0006996']
GO:BP	GO:0032501	multicellular organismal process	1.0863364748101636e-11	True	"""Any biological process, occurring at the level of a multicellular organism, pertinent to its function."" [GOC:curators, GOC:dph, GOC:isa_complete, GOC:tb]"	7322	5569	2177	21026	0.39091398814868017	0.29732313575525815	query_1	['GO:0008150']
GO:BP	GO:0046907	intracellular transport	3.477430208454037e-11	True	"""The directed movement of substances within a cell."" [GOC:ai]"	1381	5569	490	21026	0.08798707128748429	0.3548153511947864	query_1	['GO:0006810', 'GO:0051641', 'GO:0051649']
GO:BP	GO:1901135	carbohydrate derivative metabolic process	5.5546530366605806e-11	True	"""The chemical reactions and pathways involving carbohydrate derivative."" [GOC:TermGenie]"	983	5569	366	21026	0.06572095528820256	0.3723296032553408	query_1	['GO:0008152']
GO:BP	GO:0033108	mitochondrial respiratory chain complex assembly	7.515269330172251e-11	True	"""The aggregation, arrangement and bonding together of a set of components to form a mitochondrial respiratory chain complex or between respiratory chain complexes to form high-order structures."" [GOC:mah]"	122	5569	72	21026	0.012928712515711977	0.5901639344262295	query_1	['GO:0007005', 'GO:0065003']
GO:BP	GO:0048519	negative regulation of biological process	1.2801120345350915e-10	True	"""Any process that stops, prevents, or reduces the frequency, rate or extent of a biological process. Biological processes are regulated by many means; examples include the control of gene expression, protein modification or interaction with a protein or substrate molecule."" [GOC:jid]"	5834	5569	1760	21026	0.316035194828515	0.30167980802194033	query_1	['GO:0008150', 'GO:0050789']
GO:BP	GO:0006119	oxidative phosphorylation	2.2674804935214e-10	True	"""The phosphorylation of ADP to ATP that accompanies the oxidation of a metabolite through the operation of the respiratory chain. Oxidation of compounds establishes a proton gradient across the membrane, providing the energy for ATP synthesis."" [ISBN:0198506732, ISBN:0471331309]"	146	5569	81	21026	0.014544801580175975	0.5547945205479452	query_1	['GO:0009060']
GO:BP	GO:0051128	regulation of cellular component organization	2.365114459089875e-10	True	"""Any process that modulates the frequency, rate or extent of a process involved in the formation, arrangement of constituent parts, or disassembly of cell structures, including the plasma membrane and any external encapsulating structures such as the cell wall and cell envelope."" [GOC:ai]"	2433	5569	798	21026	0.1432932303824744	0.3279901356350185	query_1	['GO:0016043', 'GO:0050794']
GO:BP	GO:0010257	NADH dehydrogenase complex assembly	2.536355259681863e-10	True	"""The aggregation, arrangement and bonding together of a set of components to form an NADH dehydrogenase complex."" [GOC:sm]"	63	5569	45	21026	0.008080445322319985	0.7142857142857143	query_1	['GO:0065003']
GO:BP	GO:0032981	mitochondrial respiratory chain complex I assembly	2.536355259681863e-10	True	"""The aggregation, arrangement and bonding together of a set of components to form mitochondrial respiratory chain complex I."" [GOC:rph]"	63	5569	45	21026	0.008080445322319985	0.7142857142857143	query_1	['GO:0010257', 'GO:0033108']
GO:BP	GO:0015986	proton motive force-driven ATP synthesis	2.7136359025353897e-10	True	"""The chemical reactions and pathways resulting in the formation of ATP driven by transport of protons across a membrane to generate an electrochemical gradient (proton-motive force)."" [GOC:vw]"	78	5569	52	21026	0.009337403483569762	0.6666666666666666	query_1	['GO:0006754']
GO:BP	GO:0005975	carbohydrate metabolic process	4.665490072263905e-10	True	"""The chemical reactions and pathways involving carbohydrates, any of a group of organic compounds based of the general formula Cx(H2O)y."" [GOC:mah, ISBN:0198506732]"	561	5569	227	21026	0.04076135751481415	0.40463458110516937	query_1	['GO:0044238']
GO:BP	GO:0055085	transmembrane transport	6.216946046505811e-10	True	"""The process in which a solute is transported across a lipid bilayer, from one side of a membrane to the other."" [GOC:dph, GOC:jid]"	1578	5569	543	21026	0.09750404022266115	0.344106463878327	query_1	['GO:0006810', 'GO:0009987']
GO:BP	GO:0042221	response to chemical	7.322417181320393e-10	True	"""Any process that results in a change in state or activity of a cell or an organism (in terms of movement, secretion, enzyme production, gene expression, etc.) as a result of a chemical stimulus."" [GOC:jl]"	3909	5569	1217	21026	0.21853115460585384	0.3113328216935278	query_1	['GO:0050896']
GO:BP	GO:0009893	positive regulation of metabolic process	9.108332475023166e-10	True	"""Any process that activates or increases the frequency, rate or extent of the chemical reactions and pathways within a cell or an organism."" [GOC:go_curators]"	3597	5569	1128	21026	0.202549829412821	0.31359466221851545	query_1	['GO:0008152', 'GO:0019222', 'GO:0048522']
GO:BP	GO:0012501	programmed cell death	1.1388735037980975e-09	True	"""A process which begins when a cell receives an internal or external signal and activates a series of biochemical events (signaling pathway). The process ends with the death of the cell."" [GOC:lr, GOC:mtg_apoptosis]"	1987	5569	663	21026	0.11905189441551446	0.33366884750880726	query_1	['GO:0008219']
GO:BP	GO:0055086	nucleobase-containing small molecule metabolic process	1.2092617126895287e-09	True	"""The cellular chemical reactions and pathways involving a nucleobase-containing small molecule: a nucleobase, a nucleoside, or a nucleotide."" [GOC:vw]"	673	5569	262	21026	0.047046148321063026	0.38930163447251115	query_1	['GO:0006139', 'GO:0044281']
GO:BP	GO:0008219	cell death	1.216979530738811e-09	True	"""Any biological process that results in permanent cessation of all vital functions of a cell. A cell should be considered dead when any one of the following molecular or morphological criteria is met: (1) the cell has lost the integrity of its plasma membrane; (2) the cell, including its nucleus, has undergone complete fragmentation into discrete bodies (frequently referred to as apoptotic bodies). The cell corpse (or its fragments) may be engulfed by an adjacent cell in vivo, but engulfment of whole cells should not be considered a strict criteria to define cell death as, under some circumstances, live engulfed cells can be released from phagosomes (see PMID:18045538)."" [GOC:mah, GOC:mtg_apoptosis, PMID:25236395]"	1991	5569	664	21026	0.11923145986712157	0.33350075339025614	query_1	['GO:0009987']
GO:BP	GO:0033036	macromolecule localization	1.246675912555192e-09	True	"""Any process in which a macromolecule is transported to, or maintained in, a specific location."" [GOC:mah]"	3228	5569	1022	21026	0.18351589154246722	0.31660470879801733	query_1	['GO:0051179']
GO:BP	GO:0042776	proton motive force-driven mitochondrial ATP synthesis	1.3691905281769107e-09	True	"""The chemical reactions and pathways resulting in the formation of ATP driven by transport of protons across a mitochondrial membrane to generate an electrochemical gradient (proton-motive force)."" [GOC:vw]"	67	5569	46	21026	0.008260010773927096	0.6865671641791045	query_1	['GO:0006119', 'GO:0015986']
GO:BP	GO:0006753	nucleoside phosphate metabolic process	1.4301747141570513e-09	True	"""The chemical reactions and pathways involving any phosphorylated nucleoside."" [GOC:mah]"	646	5569	253	21026	0.04543005925659903	0.39164086687306504	query_1	['GO:0006796', 'GO:0019637', 'GO:0055086']
GO:BP	GO:0008610	lipid biosynthetic process	2.13485191824382e-09	True	"""The chemical reactions and pathways resulting in the formation of lipids, compounds soluble in an organic solvent but not, or sparingly, in an aqueous solvent."" [GOC:go_curators]"	729	5569	279	21026	0.05009876099838391	0.38271604938271603	query_1	['GO:0006629', 'GO:0009058']
GO:BP	GO:0048523	negative regulation of cellular process	3.0296379302800494e-09	True	"""Any process that stops, prevents, or reduces the frequency, rate or extent of a cellular process, any of those that are carried out at the cellular level, but are not necessarily restricted to a single cell. For example, cell communication occurs among more than one cell, but occurs at the cellular level."" [GOC:jid]"	5629	5569	1691	21026	0.30364517866762436	0.3004085983300764	query_1	['GO:0009987', 'GO:0048519', 'GO:0050794']
GO:BP	GO:0042592	homeostatic process	3.2684050071603057e-09	True	"""Any biological process involved in the maintenance of an internal steady state."" [GOC:jl, ISBN:0395825172]"	1736	5569	586	21026	0.10522535464176692	0.33755760368663595	query_1	['GO:0008150']
GO:BP	GO:0006915	apoptotic process	3.6538620711686473e-09	True	"""A programmed cell death process which begins when a cell receives an internal (e.g. DNA damage) or external signal (e.g. an extracellular death ligand), and proceeds through a series of biochemical events (signaling pathway phase) which trigger an execution phase. The execution phase is the last step of an apoptotic process, and is typically characterized by rounding-up of the cell, retraction of pseudopodes, reduction of cellular volume (pyknosis), chromatin condensation, nuclear fragmentation (karyorrhexis), plasma membrane blebbing and fragmentation of the cell into apoptotic bodies. When the execution phase is completed, the cell has died."" [GOC:cjm, GOC:dhl, GOC:ecd, GOC:go_curators, GOC:mtg_apoptosis, GOC:tb, ISBN:0198506732, PMID:18846107, PMID:21494263]"	1923	5569	641	21026	0.11510145448015802	0.3333333333333333	query_1	['GO:0012501']
GO:BP	GO:0015031	protein transport	4.498245262942097e-09	True	"""The directed movement of proteins into, out of or within a cell, or between cells, by means of some agent such as a transporter or pore."" [GOC:ai]"	1444	5569	498	21026	0.08942359490034117	0.3448753462603878	query_1	['GO:0045184', 'GO:0071705']
GO:BP	GO:0009966	regulation of signal transduction	6.8489707164203164e-09	True	"""Any process that modulates the frequency, rate or extent of signal transduction."" [GOC:sm]"	3034	5569	961	21026	0.17256239899443346	0.3167435728411338	query_1	['GO:0007165', 'GO:0010646', 'GO:0023051', 'GO:0048583']
GO:BP	GO:0036211	protein modification process	7.236863704677047e-09	True	"""The covalent alteration of one or more amino acids occurring in proteins, peptides and nascent polypeptides (co-translational, post-translational modifications). Includes the modification of charged tRNAs that are destined to occur in a protein (pre-translation modification)."" [GOC:bf, GOC:jl]"	2846	5569	907	21026	0.16286586460764949	0.3186929023190443	query_1	['GO:0019538', 'GO:0043412']
GO:BP	GO:0072521	purine-containing compound metabolic process	9.397337687606025e-09	True	"""The chemical reactions and pathways involving a purine-containing compound, i.e. any compound that contains purine or a formal derivative thereof."" [GOC:mah]"	563	5569	223	21026	0.040043095708385705	0.3960923623445826	query_1	['GO:0008152']
GO:BP	GO:1901137	carbohydrate derivative biosynthetic process	9.840338905907939e-09	True	"""The chemical reactions and pathways resulting in the formation of carbohydrate derivative."" [GOC:TermGenie]"	594	5569	233	21026	0.041838750224456815	0.39225589225589225	query_1	['GO:0009058', 'GO:1901135']
GO:BP	GO:1901293	nucleoside phosphate biosynthetic process	1.3208306784761548e-08	True	"""The chemical reactions and pathways resulting in the formation of a nucleoside phosphate."" [GOC:TermGenie]"	314	5569	139	21026	0.0249595977733884	0.4426751592356688	query_1	['GO:0006753', 'GO:0034654', 'GO:0090407']
GO:BP	GO:0023051	regulation of signaling	1.33174631142197e-08	True	"""Any process that modulates the frequency, rate or extent of a signaling process."" [GOC:mtg_signal]"	3478	5569	1085	21026	0.1948285149937152	0.31196089706728003	query_1	['GO:0023052', 'GO:0050789']
GO:BP	GO:0007399	nervous system development	1.5544897096615746e-08	True	"""The process whose specific outcome is the progression of nervous tissue over time, from its formation to its mature state."" [GOC:dgh]"	2604	5569	835	21026	0.1499371520919375	0.3206605222734255	query_1	['GO:0048731']
GO:BP	GO:0032879	regulation of localization	1.61375415716233e-08	True	"""Any process that modulates the frequency, rate or extent of any process in which a cell, a substance, or a cellular entity is transported to, or maintained in, a specific location."" [GOC:mah]"	2029	5569	668	21026	0.11994972167355	0.3292262198127156	query_1	['GO:0050789', 'GO:0051179']
GO:BP	GO:0061024	membrane organization	2.0020631055330173e-08	True	"""A process which results in the assembly, arrangement of constituent parts, or disassembly of a membrane. A membrane is a double layer of lipid molecules that encloses all cells, and, in eukaryotes, many organelles; may be a single or double lipid bilayer; also includes associated proteins."" [GOC:dph, GOC:tb]"	821	5569	304	21026	0.05458789728856168	0.3702801461632156	query_1	['GO:0016043']
GO:BP	GO:0006066	alcohol metabolic process	2.0175001320428938e-08	True	"""The chemical reactions and pathways involving alcohols, any of a class of compounds containing one or more hydroxyl groups attached to a saturated carbon atom."" [ISBN:0198506732]"	362	5569	155	21026	0.027832644999102173	0.4281767955801105	query_1	['GO:0044281']
GO:BP	GO:1901700	response to oxygen-containing compound	2.3275429971232693e-08	True	"""Any process that results in a change in state or activity of a cell or an organism (in terms of movement, secretion, enzyme production, gene expression, etc.) as a result of an oxygen-containing compound stimulus."" [GOC:pr, GOC:TermGenie]"	1669	5569	561	21026	0.10073621835158915	0.3361294188136609	query_1	['GO:0042221']
GO:BP	GO:0070887	cellular response to chemical stimulus	2.7554312992978597e-08	True	"""Any process that results in a change in state or activity of a cell (in terms of movement, secretion, enzyme production, gene expression, etc.) as a result of a chemical stimulus."" [GOC:mah]"	2192	5569	714	21026	0.1282097324474771	0.32572992700729925	query_1	['GO:0042221', 'GO:0051716']
GO:BP	GO:0065009	regulation of molecular function	2.8816875763963568e-08	True	"""Any process that modulates the frequency, rate or extent of a molecular function, an elemental biological activity occurring at the molecular level, such as catalysis or binding."" [GOC:isa_complete]"	1496	5569	509	21026	0.09139881486801939	0.34024064171123	query_1	['GO:0065007']
GO:BP	GO:0008283	cell population proliferation	3.137174755626754e-08	True	"""The multiplication or reproduction of cells, resulting in the expansion of a cell population."" [GOC:mah, GOC:mb]"	2015	5569	662	21026	0.11887232896390734	0.32853598014888336	query_1	['GO:0009987']
GO:BP	GO:0022900	electron transport chain	3.34327168517188e-08	True	"""A process in which a series of electron carriers operate together to transfer electrons from donors to any of several different terminal electron acceptors."" [GOC:mtg_electron_transport]"	126	5569	69	21026	0.012390016160890645	0.5476190476190477	query_1	['GO:0006091']
GO:BP	GO:0098660	inorganic ion transmembrane transport	3.791566174631055e-08	True	"""The process in which an inorganic ion is transported across a membrane."" [GOC:mah]"	944	5569	341	21026	0.06123181899802478	0.361228813559322	query_1	['GO:0055085']
GO:BP	GO:0010646	regulation of cell communication	4.3916668627432676e-08	True	"""Any process that modulates the frequency, rate or extent of cell communication. Cell communication is the process that mediates interactions between a cell and its surroundings. Encompasses interactions such as signaling or attachment between one cell and another cell, between a cell and an extracellular matrix, or between a cell and any other aspect of its environment."" [GOC:dph, GOC:tb]"	3486	5569	1083	21026	0.194469384090501	0.310671256454389	query_1	['GO:0007154', 'GO:0050794']
GO:BP	GO:0006754	ATP biosynthetic process	4.8184960549647136e-08	True	"""The chemical reactions and pathways resulting in the formation of ATP, adenosine 5'-triphosphate, a universally important coenzyme and enzyme regulator."" [GOC:go_curators, ISBN:0198506732]"	102	5569	59	21026	0.010594361644819536	0.5784313725490197	query_1	['GO:0009152', 'GO:0009206', 'GO:0046034']
GO:BP	GO:0060429	epithelium development	5.402582122218521e-08	True	"""The process whose specific outcome is the progression of an epithelium over time, from its formation to the mature structure. An epithelium is a tissue that covers the internal or external surfaces of an anatomical structure."" [GOC:dph, GOC:mtg_lung]"	1238	5569	430	21026	0.07721314419105764	0.3473344103392569	query_1	['GO:0009888']
GO:BP	GO:0032787	monocarboxylic acid metabolic process	6.194924978711389e-08	True	"""The chemical reactions and pathways involving monocarboxylic acids, any organic acid containing one carboxyl (COOH) group or anion (COO-)."" [GOC:vk]"	616	5569	237	21026	0.04255701203088526	0.3847402597402597	query_1	['GO:0019752']
GO:BP	GO:0006812	monoatomic cation transport	7.254186315466043e-08	True	"""The directed movement of a monoatomic cation, into, out of or within a cell, or between cells, by means of some agent such as a transporter or pore. Monatomic cations (also called simple cations) are positively charged ions consisting of exactly one atom."" [GOC:ai]"	1069	5569	378	21026	0.06787574070748788	0.35360149672591207	query_1	['GO:0006811']
GO:BP	GO:0019646	aerobic electron transport chain	8.641702873281384e-08	True	"""A process in which a series of electron carriers operate together to transfer electrons from donors such as NADH and FADH2 to oxygen to generate a transmembrane electrochemical gradient."" [GOC:ai, GOC:mtg_electron_transport]"	91	5569	54	21026	0.009696534386783983	0.5934065934065934	query_1	['GO:0006119', 'GO:0009060', 'GO:0022904']
GO:BP	GO:0044283	small molecule biosynthetic process	8.881561363431306e-08	True	"""The chemical reactions and pathways resulting in the formation of small molecules, any low molecular weight, monomeric, non-encoded molecule."" [GOC:curators, GOC:pde, GOC:vw]"	593	5569	229	21026	0.04112048841802837	0.38617200674536256	query_1	['GO:0009058', 'GO:0044281']
GO:BP	GO:0043412	macromolecule modification	9.33831367442813e-08	True	"""The covalent alteration of one or more monomeric units in a polypeptide, polynucleotide, polysaccharide, or other biological macromolecule, resulting in a change in its properties."" [GOC:go_curators]"	3030	5569	951	21026	0.17076674447836238	0.31386138613861386	query_1	['GO:0043170']
GO:BP	GO:0098662	inorganic cation transmembrane transport	1.0650711775756924e-07	True	"""A process in which an inorganic cation is transported from one side of a membrane to the other by means of some agent such as a transporter or pore."" [GOC:mah]"	854	5569	311	21026	0.05584485544981146	0.36416861826697894	query_1	['GO:0098660']
GO:BP	GO:0022402	cell cycle process	1.082655440817722e-07	True	"""The cellular process that ensures successive accurate and complete genome replication and chromosome segregation."" [GOC:isa_complete, GOC:mtg_cell_cycle]"	1280	5569	441	21026	0.07918836415873585	0.34453125	query_1	['GO:0007049', 'GO:0009987']
GO:BP	GO:0048869	cellular developmental process	1.2428438190266603e-07	True	"""A biological process whose specific outcome is the progression of a cell over time from an initial condition to a later condition."" [GOC:isa_complete]"	4438	5569	1346	21026	0.24169509786317112	0.3032897701667418	query_1	['GO:0009987', 'GO:0032502']
GO:BP	GO:0042775	mitochondrial ATP synthesis coupled electron transport	1.35149312148611e-07	True	"""The transfer of electrons through a series of electron donors and acceptors, generating energy that is ultimately used for synthesis of ATP, as it occurs in the mitochondrial inner membrane or chloroplast thylakoid membrane."" [GOC:mtg_sensu, ISBN:0716731363]"	99	5569	57	21026	0.010235230741605315	0.5757575757575758	query_1	['GO:0042773']
GO:BP	GO:0042773	ATP synthesis coupled electron transport	1.35149312148611e-07	True	"""The transfer of electrons through a series of electron donors and acceptors, generating energy that is ultimately used for synthesis of ATP."" [ISBN:0716731363]"	99	5569	57	21026	0.010235230741605315	0.5757575757575758	query_1	['GO:0006119', 'GO:0022904']
GO:BP	GO:0030154	cell differentiation	1.4854215244452604e-07	True	"""The cellular developmental process in which a relatively unspecialized cell, e.g. embryonic or regenerative cell, acquires specialized structural and/or functional features that characterize a specific cell. Differentiation includes the processes involved in commitment of a cell to a specific fate and its subsequent development to the mature state."" [ISBN:0198506732]"	4437	5569	1345	21026	0.241515532411564	0.3031327473518143	query_1	['GO:0048869']
GO:BP	GO:0009201	ribonucleoside triphosphate biosynthetic process	1.4930360112166808e-07	True	"""The chemical reactions and pathways resulting in the formation of a ribonucleoside triphosphate, a compound consisting of a nucleobase linked to a ribose sugar esterified with triphosphate on the sugar."" [GOC:go_curators, ISBN:0198506732]"	119	5569	65	21026	0.011671754354462202	0.5462184873949579	query_1	['GO:0009142', 'GO:0009199']
GO:BP	GO:0009142	nucleoside triphosphate biosynthetic process	1.8019850658718745e-07	True	"""The chemical reactions and pathways resulting in the formation of a nucleoside triphosphate, a compound consisting of a nucleobase linked to a deoxyribose or ribose sugar esterified with triphosphate on the sugar."" [GOC:go_curators, ISBN:0198506732]"	127	5569	68	21026	0.012210450709283534	0.5354330708661418	query_1	['GO:0009141', 'GO:1901293']
GO:BP	GO:0098655	monoatomic cation transmembrane transport	1.8480677637190589e-07	True	"""The process in which a monoatomic cation is transported across a membrane. Monatomic cations (also called simple cations) are positively charged ions consisting of exactly one atom."" [GOC:dos, GOC:vw]"	877	5569	317	21026	0.05692224815945412	0.3614595210946408	query_1	['GO:0006812', 'GO:0034220']
GO:BP	GO:0048583	regulation of response to stimulus	1.9325652243993042e-07	True	"""Any process that modulates the frequency, rate or extent of a response to a stimulus. Response to stimulus is a change in state or activity of a cell or an organism (in terms of movement, secretion, enzyme production, gene expression, etc.) as a result of a stimulus."" [GOC:jid]"	3993	5569	1220	21026	0.21906985096067516	0.30553468569997494	query_1	['GO:0050789', 'GO:0050896']
GO:BP	GO:0006811	monoatomic ion transport	2.0835693535943154e-07	True	"""The directed movement of a monoatomic ion into, out of or within a cell, or between cells, by means of some agent such as a transporter or pore. Monatomic ions (also called simple ions) are ions consisting of exactly one atom."" [GOC:ai]"	1282	5569	440	21026	0.07900879870712875	0.34321372854914195	query_1	['GO:0006810']
GO:BP	GO:0007049	cell cycle	2.3297038255118047e-07	True	"""The progression of biochemical and morphological phases and events that occur in a cell during successive cell replication or nuclear replication events. Canonically, the cell cycle comprises the replication and segregation of genetic material followed by the division of the cell, but in endocycles or syncytial cells nuclear replication or nuclear division may not be followed by cell division."" [GOC:go_curators, GOC:mtg_cell_cycle]"	1663	5569	553	21026	0.09929969473873226	0.33253156945279616	query_1	['GO:0009987']
GO:BP	GO:0022904	respiratory electron transport chain	2.471784824355297e-07	True	"""A process in which a series of electron carriers operate together to transfer electrons from donors such as NADH and FADH2 to any of several different terminal electron acceptors to generate a transmembrane electrochemical gradient."" [GOC:mtg_electron_transport, ISBN:0716720094]"	115	5569	63	21026	0.011312623451247979	0.5478260869565217	query_1	['GO:0022900', 'GO:0045333']
GO:BP	GO:0009206	purine ribonucleoside triphosphate biosynthetic process	3.1791603514801074e-07	True	"""The chemical reactions and pathways resulting in the formation of purine ribonucleoside triphosphate, a compound consisting of a purine base linked to a ribose sugar esterified with triphosphate on the sugar."" [GOC:go_curators, ISBN:0198506732]"	113	5569	62	21026	0.011133057999640868	0.5486725663716814	query_1	['GO:0009145', 'GO:0009201', 'GO:0009205']
GO:BP	GO:0048585	negative regulation of response to stimulus	3.3447999865755295e-07	True	"""Any process that stops, prevents, or reduces the frequency, rate or extent of a response to a stimulus. Response to stimulus is a change in state or activity of a cell or an organism (in terms of movement, secretion, enzyme production, gene expression, etc.) as a result of a stimulus."" [GOC:jid]"	1680	5569	557	21026	0.10001795654516071	0.33154761904761904	query_1	['GO:0048519', 'GO:0048583', 'GO:0050896']
GO:BP	GO:0009968	negative regulation of signal transduction	3.3508704101294195e-07	True	"""Any process that stops, prevents, or reduces the frequency, rate or extent of signal transduction."" [GOC:sm]"	1326	5569	452	21026	0.08116358412641408	0.34087481146304677	query_1	['GO:0007165', 'GO:0009966', 'GO:0010648', 'GO:0023057', 'GO:0048585']
GO:BP	GO:0072522	purine-containing compound biosynthetic process	3.851965988773338e-07	True	"""The chemical reactions and pathways resulting in the formation of a purine-containing compound, i.e. any compound that contains purine or a formal derivative thereof."" [GOC:mah]"	257	5569	115	21026	0.020650026934817742	0.4474708171206226	query_1	['GO:0009058', 'GO:0072521']
GO:BP	GO:0033043	regulation of organelle organization	4.1115693667214016e-07	True	"""Any process that modulates the frequency, rate or extent of a process involved in the formation, arrangement of constituent parts, or disassembly of an organelle."" [GOC:mah]"	1148	5569	398	21026	0.0714670497396301	0.34668989547038326	query_1	['GO:0006996', 'GO:0051128']
GO:BP	GO:1902531	regulation of intracellular signal transduction	4.596702025453447e-07	True	"""Any process that modulates the frequency, rate or extent of intracellular signal transduction."" [GOC:dph, GOC:signaling, GOC:tb, GOC:TermGenie]"	1953	5569	636	21026	0.11420362722212246	0.32565284178187404	query_1	['GO:0009966', 'GO:0035556']
GO:BP	GO:0009145	purine nucleoside triphosphate biosynthetic process	5.174572916131495e-07	True	"""The chemical reactions and pathways resulting in the formation of purine nucleoside triphosphate, a compound consisting of a purine base linked to a ribose or deoxyribose sugar esterified with triphosphate on the sugar."" [GOC:go_curators, ISBN:0198506732]"	114	5569	62	21026	0.011133057999640868	0.543859649122807	query_1	['GO:0009142', 'GO:0009144']
GO:BP	GO:0023057	negative regulation of signaling	5.949809622008016e-07	True	"""Any process that stops, prevents, or reduces the frequency, rate or extent of a signaling process."" [GOC:mtg_signal]"	1435	5569	483	21026	0.0867301131262345	0.33658536585365856	query_1	['GO:0023051', 'GO:0023052', 'GO:0048519']
GO:BP	GO:0048513	animal organ development	5.971322818313309e-07	True	"""Development of a tissue or tissues that work together to perform a specific function or functions. Development pertains to the process whose specific outcome is the progression of a structure over time, from its formation to the mature structure. Organs are commonly observed as visibly distinct structures, but may also exist as loosely associated clusters of cells that work together to perform a specific function or functions."" [GOC:dph, GOC:jid]"	3085	5569	960	21026	0.17238283354282635	0.31118314424635335	query_1	['GO:0048856']
GO:BP	GO:0009141	nucleoside triphosphate metabolic process	6.37690855526939e-07	True	"""The chemical reactions and pathways involving a nucleoside triphosphate, a compound consisting of a nucleobase linked to a deoxyribose or ribose sugar esterified with triphosphate on the sugar."" [GOC:go_curators, ISBN:0198506732]"	276	5569	121	21026	0.021727419644460406	0.4384057971014493	query_1	['GO:0006753']
GO:BP	GO:0044087	regulation of cellular component biogenesis	1.1901160453470977e-06	True	"""Any process that modulates the frequency, rate or extent of cellular component biogenesis, a process that results in the biosynthesis of constituent macromolecules, assembly, and arrangement of constituent parts of a cellular component."" [GOC:jl]"	1011	5569	354	21026	0.06356616986891722	0.35014836795252224	query_1	['GO:0044085', 'GO:0050794']
GO:BP	GO:0034220	monoatomic ion transmembrane transport	1.3125670867650043e-06	True	"""A process in which a monoatomic ion is transported across a membrane. Monatomic ions (also called simple ions) are ions consisting of exactly one atom."" [GOC:mah]"	1048	5569	365	21026	0.06554138983659544	0.3482824427480916	query_1	['GO:0006811', 'GO:0055085']
GO:BP	GO:0005996	monosaccharide metabolic process	1.39104474873387e-06	True	"""The chemical reactions and pathways involving monosaccharides, the simplest carbohydrates. They are polyhydric alcohols containing either an aldehyde or a keto group and between three to ten or more carbon atoms. They form the constitutional repeating units of oligo- and polysaccharides."" [ISBN:0198506732]"	250	5569	111	21026	0.019931765128389296	0.444	query_1	['GO:0005975', 'GO:0044281']
GO:BP	GO:0010648	negative regulation of cell communication	1.4020484705042196e-06	True	"""Any process that decreases the frequency, rate or extent of cell communication. Cell communication is the process that mediates interactions between a cell and its surroundings. Encompasses interactions such as signaling or attachment between one cell and another cell, between a cell and an extracellular matrix, or between a cell and any other aspect of its environment."" [GOC:dph, GOC:tb]"	1436	5569	481	21026	0.0863709822230203	0.334958217270195	query_1	['GO:0007154', 'GO:0010646', 'GO:0048523']
GO:BP	GO:0009888	tissue development	1.6545516400796841e-06	True	"""The process whose specific outcome is the progression of a tissue over time, from its formation to the mature structure."" [ISBN:0471245208]"	2032	5569	655	21026	0.11761537080265756	0.32234251968503935	query_1	['GO:0048856']
GO:BP	GO:0050793	regulation of developmental process	1.8813412431959982e-06	True	"""Any process that modulates the frequency, rate or extent of development, the biological process whose specific outcome is the progression of a multicellular organism over time from an initial condition (e.g. a zygote, or a young adult) to a later condition (e.g. a multicellular animal or an aged adult)."" [GOC:go_curators]"	2457	5569	777	21026	0.13952235589872508	0.3162393162393162	query_1	['GO:0032502', 'GO:0050789']
GO:BP	GO:0016477	cell migration	1.9845845149690078e-06	True	"""The controlled self-propelled movement of a cell from one site to a destination guided by molecular cues."" [GOC:cjm, GOC:dph, GOC:ems, GOC:pf, Wikipedia:Cell_migration]"	1534	5569	509	21026	0.09139881486801939	0.3318122555410691	query_1	['GO:0048870']
GO:BP	GO:0051246	regulation of protein metabolic process	1.998273727816027e-06	True	"""Any process that modulates the frequency, rate or extent of the chemical reactions and pathways involving a protein."" [GOC:ai]"	1855	5569	603	21026	0.1082779673190878	0.32506738544474395	query_1	['GO:0019538', 'GO:0060255', 'GO:0080090']
GO:BP	GO:0023052	signaling	2.4175138426920117e-06	True	"""The entirety of a process in which information is transmitted within a biological system. This process begins with an active signal and ends when a cellular response has been triggered."" [GOC:mtg_signal, GOC:mtg_signaling_feb11, GOC:signaling]"	6515	5569	1904	21026	0.34189261985993896	0.2922486569455104	query_1	['GO:0050789']
GO:BP	GO:0043067	regulation of programmed cell death	2.588133761346341e-06	True	"""Any process that modulates the frequency, rate or extent of programmed cell death, cell death resulting from activation of endogenous cellular processes."" [GOC:jl]"	1506	5569	500	21026	0.0897827258035554	0.33200531208499334	query_1	['GO:0012501', 'GO:0050794']
GO:BP	GO:0000278	mitotic cell cycle	3.964888233339487e-06	True	"""Progression through the phases of the mitotic cell cycle, the most common eukaryotic cell cycle, which canonically comprises four successive phases called G1, S, G2, and M and includes replication of the genome and the subsequent segregation of chromosomes into daughter cells. In some variant cell cycles nuclear replication or nuclear division may not be followed by cell division, or G1 and G2 phases may be absent."" [GOC:mah, ISBN:0815316194]"	892	5569	315	21026	0.0565631172562399	0.3531390134529148	query_1	['GO:0007049']
GO:BP	GO:0007154	cell communication	4.276152348067292e-06	True	"""Any process that mediates interactions between a cell and its surroundings. Encompasses interactions such as signaling or attachment between one cell and another cell, between a cell and an extracellular matrix, or between a cell and any other aspect of its environment."" [GOC:mah]"	6540	5569	1908	21026	0.3426108816663674	0.29174311926605506	query_1	['GO:0009987']
GO:BP	GO:0019222	regulation of metabolic process	4.581739380799921e-06	True	"""Any process that modulates the frequency, rate or extent of the chemical reactions and pathways within a cell or an organism."" [GOC:go_curators]"	7035	5569	2042	21026	0.36667265218172024	0.29026297085998576	query_1	['GO:0008152', 'GO:0050794']
GO:BP	GO:0042981	regulation of apoptotic process	5.3185289330540464e-06	True	"""Any process that modulates the occurrence or rate of cell death by apoptotic process."" [GOC:jl, GOC:mtg_apoptosis]"	1462	5569	485	21026	0.08708924402944873	0.3317373461012312	query_1	['GO:0006915', 'GO:0043067']
GO:BP	GO:0046034	ATP metabolic process	5.483689452516304e-06	True	"""The chemical reactions and pathways involving ATP, adenosine triphosphate, a universally important coenzyme and enzyme regulator."" [GOC:go_curators]"	229	5569	102	21026	0.018315676063925302	0.44541484716157204	query_1	['GO:0009150', 'GO:0009205']
GO:BP	GO:0050790	regulation of catalytic activity	6.079065666388013e-06	True	"""Any process that modulates the activity of an enzyme."" [GOC:ai, GOC:ebc, GOC:vw]"	928	5569	325	21026	0.05835877177231101	0.35021551724137934	query_1	['GO:0065009']
GO:BP	GO:0042127	regulation of cell population proliferation	6.167218305289802e-06	True	"""Any process that modulates the frequency, rate or extent of cell proliferation."" [GOC:jl]"	1685	5569	550	21026	0.09876099838391093	0.3264094955489614	query_1	['GO:0008283', 'GO:0050794']
GO:BP	GO:0008104	protein localization	6.205732302725709e-06	True	"""Any process in which a protein is transported to, or maintained in, a specific location."" [GOC:ai]"	2770	5569	862	21026	0.1547854192853295	0.3111913357400722	query_1	['GO:0070727']
GO:BP	GO:1902600	proton transmembrane transport	6.584033948275828e-06	True	"""The directed movement of a proton across a membrane."" [GO_REF:0000069, GOC:pr, GOC:TermGenie]"	190	5569	88	21026	0.01580175974142575	0.4631578947368421	query_1	['GO:0098655', 'GO:0098662']
GO:BP	GO:0007165	signal transduction	6.974838323953201e-06	True	"""The cellular process in which a signal is conveyed to trigger a change in the activity or state of a cell. Signal transduction begins with reception of a signal (e.g. a ligand binding to a receptor or receptor activation by a stimulus such as light), or for signal transduction in the absence of ligand, signal-withdrawal or the activity of a constitutively active receptor. Signal transduction ends with regulation of a downstream cellular process, e.g. regulation of transcription or regulation of a metabolic process. Signal transduction covers signaling from receptors located on the surface of the cell and signaling via molecules located within the cell. For signaling between cells, signal transduction is restricted to events at and within the receiving cell."" [GOC:go_curators, GOC:mtg_signaling_feb11]"	6002	5569	1759	21026	0.31585562937690786	0.2930689770076641	query_1	['GO:0007154', 'GO:0009987', 'GO:0023052', 'GO:0050794', 'GO:0051716']
GO:BP	GO:0009144	purine nucleoside triphosphate metabolic process	9.776467411974406e-06	True	"""The chemical reactions and pathways involving purine nucleoside triphosphate, a compound consisting of a purine base linked to a ribose or deoxyribose sugar esterified with triphosphate on the sugar."" [GOC:go_curators, ISBN:0198506732]"	260	5569	112	21026	0.02011133057999641	0.4307692307692308	query_1	['GO:0009141']
GO:BP	GO:0009199	ribonucleoside triphosphate metabolic process	9.776467411974406e-06	True	"""The chemical reactions and pathways involving a ribonucleoside triphosphate, a compound consisting of a nucleobase linked to a ribose sugar esterified with triphosphate on the sugar."" [GOC:go_curators, ISBN:0198506732]"	260	5569	112	21026	0.02011133057999641	0.4307692307692308	query_1	['GO:0009141']
GO:BP	GO:0046486	glycerolipid metabolic process	1.0305270373976961e-05	True	"""The chemical reactions and pathways involving glycerolipids, any lipid with a glycerol backbone. Diacylglycerol and phosphatidate are key lipid intermediates of glycerolipid biosynthesis."" [GOC:ai, PMID:8906569]"	398	5569	158	21026	0.028371341353923506	0.3969849246231156	query_1	['GO:0006629']
GO:BP	GO:0070727	cellular macromolecule localization	1.1782666522076057e-05	True	"""Any process in which a macromolecule is transported to, and/or maintained in, a specific location at the level of a cell. Localization at the cellular level encompasses movement within the cell, from within the cell to the cell surface, or from one location to another at the surface of a cell."" [GOC:mah]"	2782	5569	863	21026	0.15496498473693662	0.3102084831056794	query_1	['GO:0033036', 'GO:0051641']
GO:BP	GO:0019318	hexose metabolic process	1.198699500299727e-05	True	"""The chemical reactions and pathways involving a hexose, any monosaccharide with a chain of six carbon atoms in the molecule."" [ISBN:0198506732]"	226	5569	100	21026	0.01795654516071108	0.4424778761061947	query_1	['GO:0005996']
GO:BP	GO:0019219	regulation of nucleobase-containing compound metabolic process	1.2302174132431483e-05	True	"""Any cellular process that modulates the frequency, rate or extent of the chemical reactions and pathways involving nucleobases, nucleosides, nucleotides and nucleic acids."" [GOC:go_curators]"	3990	5569	1202	21026	0.21583767283174718	0.3012531328320802	query_1	['GO:0006139', 'GO:0080090']
GO:BP	GO:0097190	apoptotic signaling pathway	1.341651398609477e-05	True	"""The series of molecular signals which triggers the apoptotic death of a cell. The pathway starts with reception of a signal, and ends when the execution phase of apoptosis is triggered."" [GOC:mtg_apoptosis]"	606	5569	224	21026	0.04022266115999282	0.3696369636963696	query_1	['GO:0006915', 'GO:0007165']
GO:BP	GO:0009205	purine ribonucleoside triphosphate metabolic process	1.550330982645773e-05	True	"""The chemical reactions and pathways involving purine ribonucleoside triphosphate, a compound consisting of a purine base linked to a ribose sugar esterified with triphosphate on the sugar."" [GOC:go_curators, ISBN:0198506732]"	253	5569	109	21026	0.019572634225175075	0.4308300395256917	query_1	['GO:0009144', 'GO:0009199']
GO:BP	GO:0016192	vesicle-mediated transport	1.5731158570349294e-05	True	"""A cellular transport process in which transported substances are moved in membrane-bounded vesicles; transported substances are enclosed in the vesicle lumen or located in the vesicle membrane. The process begins with a step that directs a substance to the forming vesicle, and includes vesicle budding and coating. Vesicles are then targeted to, and fuse with, an acceptor membrane."" [GOC:ai, GOC:mah, ISBN:08789310662000]"	1592	5569	520	21026	0.09337403483569762	0.32663316582914576	query_1	['GO:0006810', 'GO:0009987']
GO:BP	GO:0060341	regulation of cellular localization	1.8878649438229646e-05	True	"""Any process that modulates the frequency, rate or extent of a process in which a cell, a substance, or a cellular entity is transported to, or maintained in a specific location within or in the membrane of a cell."" [GOC:dph, GOC:tb]"	1013	5569	348	21026	0.062488777159274554	0.3435340572556762	query_1	['GO:0032879', 'GO:0050794', 'GO:0051641']
GO:BP	GO:0045934	negative regulation of nucleobase-containing compound metabolic process	1.8988895061874405e-05	True	"""Any cellular process that stops, prevents, or reduces the frequency, rate or extent of the chemical reactions and pathways involving nucleobases, nucleosides, nucleotides and nucleic acids."" [GOC:go_curators]"	1529	5569	501	21026	0.0899622912551625	0.3276651406147809	query_1	['GO:0006139', 'GO:0009892', 'GO:0019219']
GO:BP	GO:0007010	cytoskeleton organization	1.8988895061874405e-05	True	"""A process that is carried out at the cellular level which results in the assembly, arrangement of constituent parts, or disassembly of cytoskeletal structures."" [GOC:dph, GOC:jl, GOC:mah]"	1529	5569	501	21026	0.0899622912551625	0.3276651406147809	query_1	['GO:0006996']
GO:BP	GO:0009719	response to endogenous stimulus	2.083758205435043e-05	True	"""Any process that results in a change in state or activity of a cell or an organism (in terms of movement, secretion, enzyme production, gene expression, etc.) as a result of a stimulus arising within the organism."" [GOC:sm]"	1489	5569	489	21026	0.08780750583587718	0.32840832773673606	query_1	['GO:0050896']
GO:BP	GO:0141124	intracellular signaling cassette	2.1545533919552282e-05	True	"""An intracellular signaling module that is part of larger signaling pathways that can be initiated either intracellularly or by cell surface receptors. Intracellular signaling cassettes are discrete signaling units that are often shared by multiple signaling pathways."" [GOC:ha, GOC:pg]"	1912	5569	612	21026	0.1098940563835518	0.3200836820083682	query_1	['GO:0035556']
GO:BP	GO:0031589	cell-substrate adhesion	2.2587797465765673e-05	True	"""The attachment of a cell to the underlying substrate via adhesion molecules."" [GOC:mah, GOC:pf]"	356	5569	143	21026	0.025677859579816845	0.40168539325842695	query_1	['GO:0007155']
GO:BP	GO:0010604	positive regulation of macromolecule metabolic process	2.3576382608245094e-05	True	"""Any process that increases the frequency, rate or extent of the chemical reactions and pathways involving macromolecules, any molecule of high relative molecular mass, the structure of which essentially comprises the multiple repetition of units derived, actually or conceptually, from molecules of low relative molecular mass."" [GOC:dph, GOC:tb]"	3288	5569	1003	21026	0.18010414796193214	0.3050486618004866	query_1	['GO:0009893', 'GO:0043170', 'GO:0060255']
GO:BP	GO:0009165	nucleotide biosynthetic process	2.7637028311688134e-05	True	"""The chemical reactions and pathways resulting in the formation of nucleotides, any nucleoside that is esterified with (ortho)phosphate or an oligophosphate at any hydroxyl group on the glycose moiety; may be mono-, di- or triphosphate; this definition includes cyclic-nucleotides (nucleoside cyclic phosphates)."" [GOC:go_curators]"	229	5569	100	21026	0.01795654516071108	0.4366812227074236	query_1	['GO:0009117', 'GO:1901293']
GO:BP	GO:0048878	chemical homeostasis	2.8260675638892947e-05	True	"""Any biological process involved in the maintenance of an internal steady state of a chemical."" [GOC:isa_complete]"	1043	5569	356	21026	0.06392530077213145	0.34132310642377756	query_1	['GO:0042592']
GO:BP	GO:0006631	fatty acid metabolic process	2.8662120709327826e-05	True	"""The chemical reactions and pathways involving fatty acids, aliphatic monocarboxylic acids liberated from naturally occurring fats and oils by hydrolysis."" [ISBN:0198547684]"	400	5569	157	21026	0.028191775902316394	0.3925	query_1	['GO:0006629', 'GO:0032787']
GO:BP	GO:0002009	morphogenesis of an epithelium	2.9662924165802087e-05	True	"""The process in which the anatomical structures of epithelia are generated and organized. An epithelium consists of closely packed cells arranged in one or more layers, that covers the outer surfaces of the body or lines any internal cavity or tube."" [GOC:dph, GOC:jl, GOC:tb, ISBN:0198506732]"	503	5569	190	21026	0.03411743580535105	0.37773359840954274	query_1	['GO:0048729', 'GO:0060429']
GO:BP	GO:0009891	positive regulation of biosynthetic process	3.0437844177632268e-05	True	"""Any process that activates or increases the frequency, rate or extent of the chemical reactions and pathways resulting in the formation of substances."" [GOC:go_curators]"	2696	5569	835	21026	0.1499371520919375	0.30971810089020774	query_1	['GO:0009058', 'GO:0009889', 'GO:0009893']
GO:BP	GO:0022008	neurogenesis	4.222547927906464e-05	True	"""Generation of cells within the nervous system."" [GO_REF:0000021, GOC:cls, GOC:curators, GOC:dgh, GOC:dph, GOC:jid]"	1771	5569	569	21026	0.10217274196444603	0.32128740824393	query_1	['GO:0007399', 'GO:0030154']
GO:BP	GO:0032543	mitochondrial translation	5.124319350761842e-05	True	"""The chemical reactions and pathways resulting in the formation of a protein in a mitochondrion. This is a ribosome-mediated process in which the information in messenger RNA (mRNA) is used to specify the sequence of amino acids in the protein; the mitochondrion has its own ribosomes and transfer RNAs, and uses a genetic code that differs from the nuclear code."" [GOC:go_curators]"	130	5569	64	21026	0.011492188902855091	0.49230769230769234	query_1	['GO:0006412', 'GO:0140053']
GO:BP	GO:0051253	negative regulation of RNA metabolic process	5.5361382775749676e-05	True	"""Any process that stops, prevents, or reduces the frequency, rate or extent of the chemical reactions and pathways involving RNA."" [GOC:ai]"	1400	5569	460	21026	0.08260010773927097	0.32857142857142857	query_1	['GO:0010605', 'GO:0016070', 'GO:0045934', 'GO:0051252']
GO:BP	GO:0031667	response to nutrient levels	5.737181055864759e-05	True	"""Any process that results in a change in state or activity of a cell or an organism (in terms of movement, secretion, enzyme production, gene expression, etc.) as a result of a stimulus reflecting the presence, absence, or concentration of nutrients."" [GOC:mah]"	510	5569	191	21026	0.034297001256958164	0.37450980392156863	query_1	['GO:0050896']
GO:BP	GO:1903047	mitotic cell cycle process	5.859380012634704e-05	True	"""A process that is part of the mitotic cell cycle."" [GO_REF:0000060, GOC:mtg_cell_cycle, GOC:TermGenie]"	745	5569	264	21026	0.04740527922427725	0.35436241610738256	query_1	['GO:0000278', 'GO:0022402']
GO:BP	GO:0065008	regulation of biological quality	6.391135607071692e-05	True	"""Any process that modulates a qualitative or quantitative trait of a biological quality. A biological quality is a measurable attribute of an organism or part of an organism, such as size, mass, shape, color, etc."" [GOC:dph, GOC:isa_complete, GOC:mah, GOC:pr, GOC:vw]"	2947	5569	903	21026	0.16214760280122104	0.30641330166270786	query_1	['GO:0065007']
GO:BP	GO:0051301	cell division	6.494484545176472e-05	True	"""The process resulting in division and partitioning of components of a cell to form more cells; may or may not be accompanied by the physical separation of a cell into distinct, individually membrane-bounded daughter cells."" [GOC:di, GOC:go_curators, GOC:pr]"	658	5569	237	21026	0.04255701203088526	0.3601823708206687	query_1	['GO:0009987']
GO:BP	GO:0000122	negative regulation of transcription by RNA polymerase II	7.500539119864209e-05	True	"""Any process that stops, prevents, or reduces the frequency, rate or extent of transcription mediated by RNA polymerase II."" [GOC:go_curators, GOC:txnOH]"	938	5569	322	21026	0.05782007541748967	0.34328358208955223	query_1	['GO:0006357', 'GO:0006366', 'GO:0045892']
GO:BP	GO:0048870	cell motility	8.662768110540104e-05	True	"""Any process involved in the controlled self-propelled movement of a cell that results in translocation of the cell from one place to another."" [GOC:dgh, GOC:dph, GOC:isa_complete, GOC:mlg]"	1793	5569	573	21026	0.10289100377087448	0.3195761293920803	query_1	['GO:0009987']
GO:BP	GO:0006164	purine nucleotide biosynthetic process	9.226014954457558e-05	True	"""The chemical reactions and pathways resulting in the formation of a purine nucleotide, a compound consisting of nucleoside (a purine base linked to a deoxyribose or ribose sugar) esterified with a phosphate group at either the 3' or 5'-hydroxyl group of the sugar."" [GOC:go_curators, ISBN:0198506732]"	193	5569	86	21026	0.015442628838211528	0.44559585492227977	query_1	['GO:0006163', 'GO:0009165', 'GO:0072522']
GO:BP	GO:0033993	response to lipid	9.511316099755064e-05	True	"""Any process that results in a change in state or activity of a cell or an organism (in terms of movement, secretion, enzyme production, gene expression, etc.) as a result of a lipid stimulus."" [GOC:sl]"	930	5569	319	21026	0.05728137906266834	0.34301075268817205	query_1	['GO:0042221']
GO:BP	GO:0032880	regulation of protein localization	9.800470158209746e-05	True	"""Any process that modulates the frequency, rate or extent of any process in which a protein is transported to, or maintained in, a specific location."" [GOC:dph, GOC:mah, GOC:tb]"	907	5569	312	21026	0.05602442090141857	0.3439911797133407	query_1	['GO:0008104', 'GO:0060341']
GO:BP	GO:1902532	negative regulation of intracellular signal transduction	0.0001159166680846968	True	"""Any process that stops, prevents or reduces the frequency, rate or extent of intracellular signal transduction."" [GOC:dph, GOC:signaling, GOC:tb, GOC:TermGenie]"	662	5569	237	21026	0.04255701203088526	0.3580060422960725	query_1	['GO:0009968', 'GO:0035556', 'GO:1902531']
GO:BP	GO:0016310	phosphorylation	0.00012939324718408134	True	"""The process of introducing a phosphate group into a molecule, usually with the formation of a phosphoric ester, a phosphoric anhydride or a phosphoric amide."" [ISBN:0198506732]"	1320	5569	434	21026	0.07793140599748609	0.3287878787878788	query_1	['GO:0006796']
GO:BP	GO:0010557	positive regulation of macromolecule biosynthetic process	0.00013559629944528983	True	"""Any process that increases the rate, frequency or extent of the chemical reactions and pathways resulting in the formation of a macromolecule, any molecule of high relative molecular mass, the structure of which essentially comprises the multiple repetition of units derived, actually or conceptually, from molecules of low relative molecular mass."" [GOC:dph, GOC:tb]"	2593	5569	800	21026	0.14365236128568865	0.3085229463941381	query_1	['GO:0009059', 'GO:0009891', 'GO:0010556', 'GO:0010604']
GO:BP	GO:0009117	nucleotide metabolic process	0.00013655053808958275	True	"""The chemical reactions and pathways involving a nucleotide, a nucleoside that is esterified with (ortho)phosphate or an oligophosphate at any hydroxyl group on the glycose moiety; may be mono-, di- or triphosphate; this definition includes cyclic nucleotides (nucleoside cyclic phosphates)."" [GOC:ma]"	493	5569	184	21026	0.033040043095708384	0.37322515212981744	query_1	['GO:0006753']
GO:BP	GO:0044282	small molecule catabolic process	0.00013831086189696235	True	"""The chemical reactions and pathways resulting in the breakdown of small molecules, any low molecular weight, monomeric, non-encoded molecule."" [GOC:curators, GOC:vw]"	371	5569	145	21026	0.026036990483031066	0.3908355795148248	query_1	['GO:0009056', 'GO:0044281']
GO:BP	GO:0045892	negative regulation of DNA-templated transcription	0.00014040095672240738	True	"""Any process that stops, prevents, or reduces the frequency, rate or extent of cellular DNA-templated transcription."" [GOC:go_curators, GOC:txnOH]"	1280	5569	422	21026	0.07577662057820075	0.3296875	query_1	['GO:0006351', 'GO:0006355', 'GO:1902679']
GO:BP	GO:1902679	negative regulation of RNA biosynthetic process	0.0001784020716295499	True	"""Any process that stops, prevents or reduces the frequency, rate or extent of RNA biosynthetic process."" [GO:jl, GO_REF:0000058, GOC:TermGenie]"	1296	5569	426	21026	0.0764948823846292	0.3287037037037037	query_1	['GO:0010558', 'GO:0032774', 'GO:0051253', 'GO:2001141']
GO:BP	GO:0051640	organelle localization	0.00018823714886153698	True	"""Any process in which an organelle is transported to, and/or maintained in, a specific location."" [GOC:ai]"	620	5569	223	21026	0.040043095708385705	0.3596774193548387	query_1	['GO:0051179']
GO:BP	GO:0051239	regulation of multicellular organismal process	0.00019096326710930757	True	"""Any process that modulates the frequency, rate or extent of a multicellular organismal process, the processes pertinent to the function of a multicellular organism above the cellular level; includes the integrated processes of tissues and organs."" [GOC:ai, GOC:dph, GOC:tb]"	2956	5569	901	21026	0.16178847189800682	0.30480378890392423	query_1	['GO:0032501', 'GO:0050789']
GO:BP	GO:0009057	macromolecule catabolic process	0.00020646601243628048	True	"""The chemical reactions and pathways resulting in the breakdown of a macromolecule, any molecule of high relative molecular mass, the structure of which essentially comprises the multiple repetition of units derived, actually or conceptually, from molecules of low relative molecular mass."" [GOC:mah]"	1417	5569	461	21026	0.08277967319087808	0.32533521524347214	query_1	['GO:0009056', 'GO:0043170']
GO:BP	GO:0043648	dicarboxylic acid metabolic process	0.00020975397401461638	True	"""The chemical reactions and pathways involving dicarboxylic acids, any organic acid containing two carboxyl (COOH) groups or anions (COO-)."" [ISBN:0198506732]"	99	5569	51	21026	0.009157838031962651	0.5151515151515151	query_1	['GO:0019752']
GO:BP	GO:0009790	embryo development	0.00021434961989523875	True	"""The process whose specific outcome is the progression of an embryo from its formation until the end of its embryonic life stage. The end of the embryonic stage is organism-specific. For example, for mammals, the process would begin with zygote formation and end with birth. For insects, the process would begin at zygote formation and end with larval hatching. For plant zygotic embryos, this would be from zygote formation to the end of seed dormancy. For plant vegetative embryos, this would be from the initial determination of the cell or group of cells to form an embryo until the point when the embryo becomes independent of the parent plant."" [GOC:go_curators, GOC:isa_complete, GOC:mtg_sensu]"	1135	5569	378	21026	0.06787574070748788	0.33303964757709253	query_1	['GO:0007275']
GO:BP	GO:0030258	lipid modification	0.00021586113154070883	True	"""The covalent alteration of one or more fatty acids in a lipid, resulting in a change in the properties of the lipid."" [GOC:mah]"	196	5569	86	21026	0.015442628838211528	0.4387755102040816	query_1	['GO:0006629']
GO:BP	GO:0009725	response to hormone	0.00021781934186671312	True	"""Any process that results in a change in state or activity of a cell or an organism (in terms of movement, secretion, enzyme production, gene expression, etc.) as a result of a hormone stimulus."" [GOC:jl]"	907	5569	310	21026	0.055665289998204345	0.34178610804851156	query_1	['GO:0009719', 'GO:0042221']
GO:BP	GO:0006163	purine nucleotide metabolic process	0.00023865066283772237	True	"""The chemical reactions and pathways involving a purine nucleotide, a compound consisting of nucleoside (a purine base linked to a deoxyribose or ribose sugar) esterified with a phosphate group at either the 3' or 5'-hydroxyl group of the sugar."" [GOC:go_curators, ISBN:0198506732]"	430	5569	163	21026	0.029269168611959058	0.37906976744186044	query_1	['GO:0009117', 'GO:0072521']
GO:BP	GO:0043069	negative regulation of programmed cell death	0.0002548978430433894	True	"""Any process that stops, prevents, or reduces the frequency, rate or extent of programmed cell death, cell death resulting from activation of endogenous cellular processes."" [GOC:jl]"	905	5569	309	21026	0.05548572454659723	0.3414364640883978	query_1	['GO:0012501', 'GO:0043067', 'GO:0048523']
GO:BP	GO:0140053	mitochondrial gene expression	0.0002576327251695369	True	"""The process in which a mitochondrial gene's sequence is converted into a mature gene product or products (proteins or RNA). This includes the production of an RNA transcript as well as any processing to produce a mature RNA product or an mRNA or circRNA (for protein-coding genes) and the translation of that mRNA or circRNA into protein. Protein maturation is included when required to form an active form of a product from an inactive precursor form."" [PMID:27058308]"	168	5569	76	21026	0.01364697432214042	0.4523809523809524	query_1	['GO:0010467']
GO:BP	GO:0048729	tissue morphogenesis	0.0003221762077373266	True	"""The process in which the anatomical structures of a tissue are generated and organized."" [GOC:dph, GOC:jid]"	614	5569	220	21026	0.039504399353564375	0.3583061889250814	query_1	['GO:0009653', 'GO:0009888']
GO:BP	GO:0007166	cell surface receptor signaling pathway	0.0003427511432466025	True	"""The series of molecular signals initiated by an extracellular ligand binding to a receptor located on the cell surface. The pathway ends with regulation of a downstream cellular process, e.g. transcription."" [GOC:signaling]"	2819	5569	860	21026	0.15442628838211528	0.30507272082298686	query_1	['GO:0007165']
GO:BP	GO:0048468	cell development	0.00034540438915816566	True	"""The cellular developmental process in which a specific cell progresses from an immature to a mature state. Cell development start once cell commitment has taken place."" [GOC:go_curators]"	2876	5569	876	21026	0.15729933560782905	0.3045897079276773	query_1	['GO:0030154', 'GO:0048856', 'GO:0048869']
GO:BP	GO:0030855	epithelial cell differentiation	0.0003830688090667432	True	"""The process in which a relatively unspecialized cell acquires specialized features of an epithelial cell, any of the cells making up an epithelium."" [GOC:ecd, PMID:11839751]"	746	5569	260	21026	0.04668701741784881	0.3485254691689008	query_1	['GO:0030154', 'GO:0060429']
GO:BP	GO:0009152	purine ribonucleotide biosynthetic process	0.0004055343804009976	True	"""The chemical reactions and pathways resulting in the formation of a purine ribonucleotide, a compound consisting of ribonucleoside (a purine base linked to a ribose sugar) esterified with a phosphate group at either the 3' or 5'-hydroxyl group of the sugar."" [GOC:go_curators, ISBN:0198506732]"	161	5569	73	21026	0.013108277967319087	0.453416149068323	query_1	['GO:0006164', 'GO:0009150', 'GO:0009260']
GO:BP	GO:1901701	cellular response to oxygen-containing compound	0.0004130502483083381	True	"""Any process that results in a change in state or activity of a cell (in terms of movement, secretion, enzyme production, gene expression, etc.) as a result of an oxygen-containing compound stimulus."" [GOC:pr, GOC:TermGenie]"	1182	5569	390	21026	0.07003052612677321	0.3299492385786802	query_1	['GO:0070887', 'GO:1901700']
GO:BP	GO:0006006	glucose metabolic process	0.0004234694307177969	True	"""The chemical reactions and pathways involving glucose, the aldohexose gluco-hexose. D-glucose is dextrorotatory and is sometimes known as dextrose; it is an important source of energy for living organisms and is found free as well as combined in homo- and hetero-oligosaccharides and polysaccharides."" [ISBN:0198506732]"	184	5569	81	21026	0.014544801580175975	0.44021739130434784	query_1	['GO:0019318']
GO:BP	GO:0045935	positive regulation of nucleobase-containing compound metabolic process	0.0004508067916877684	True	"""Any cellular process that activates or increases the frequency, rate or extent of the chemical reactions and pathways involving nucleobases, nucleosides, nucleotides and nucleic acids."" [GOC:go_curators]"	2036	5569	637	21026	0.11438319267372958	0.31286836935166995	query_1	['GO:0006139', 'GO:0009893', 'GO:0019219']
GO:BP	GO:0007160	cell-matrix adhesion	0.0004575698926117261	True	"""The binding of a cell to the extracellular matrix via adhesion molecules."" [GOC:hb]"	237	5569	99	21026	0.01777697970910397	0.4177215189873418	query_1	['GO:0031589']
GO:BP	GO:0006914	autophagy	0.0004579375731257656	True	"""The cellular catabolic process in which cells digest cellular materials, such as organelles and other macromolecular constituents, or non-self materials such as intracellular pathogens. Autophagy serves to provide essential nutrients under conditions of cellular stress; or can remodel intracellular structures during cell differentiation."" [GOC:autophagy, ISBN:0198547684, PMID:11099404, PMID:29455577, PMID:9412464]"	597	5569	214	21026	0.03842700664392171	0.35845896147403683	query_1	['GO:0009056', 'GO:0061919']
GO:BP	GO:0061919	process utilizing autophagic mechanism	0.0004579375731257656	True	"""A cellular process involving delivery of a portion of the cytoplasm to lysosomes or to the plant or fungal vacuole that does not involve direct transport through the endocytic or vacuolar protein sorting (Vps) pathways. This process typically leads to degradation of the cargo; however, it can also be used to deliver resident proteins, such as in the cytoplasm-to-vacuole targeting (Cvt) pathway."" [PMID:21997368, PMID:22966490, PMID:28596378]"	597	5569	214	21026	0.03842700664392171	0.35845896147403683	query_1	['GO:0009987']
GO:BP	GO:0009260	ribonucleotide biosynthetic process	0.0005053842352598169	True	"""The chemical reactions and pathways resulting in the formation of a ribonucleotide, a compound consisting of ribonucleoside (a base linked to a ribose sugar) esterified with a phosphate group at either the 3' or 5'-hydroxyl group of the sugar."" [GOC:go_curators, ISBN:0198506732]"	176	5569	78	21026	0.014006105225354643	0.4431818181818182	query_1	['GO:0009165', 'GO:0009259', 'GO:0046390']
GO:BP	GO:0006886	intracellular protein transport	0.0005251460941642696	True	"""The directed movement of proteins in a cell, including the movement of proteins between specific compartments or structures within a cell, such as organelles of a eukaryotic cell."" [GOC:mah]"	686	5569	241	21026	0.0432752738373137	0.35131195335276966	query_1	['GO:0008104', 'GO:0015031', 'GO:0046907']
GO:BP	GO:0009628	response to abiotic stimulus	0.0005442313290447428	True	"""Any process that results in a change in state or activity of a cell or an organism (in terms of movement, secretion, enzyme production, gene expression, etc.) as a result of an abiotic (not derived from living organisms) stimulus."" [GOC:hb]"	1144	5569	378	21026	0.06787574070748788	0.3304195804195804	query_1	['GO:0050896']
GO:BP	GO:0006120	mitochondrial electron transport, NADH to ubiquinone	0.0005754651123542571	True	"""The transfer of electrons from NADH to ubiquinone that occurs during oxidative phosphorylation."" [ISBN:0716731363]"	51	5569	31	21026	0.005566528999820434	0.6078431372549019	query_1	['GO:0019646', 'GO:0042775']
GO:BP	GO:0051248	negative regulation of protein metabolic process	0.0005864243512621831	True	"""Any process that stops, prevents, or reduces the frequency, rate or extent of chemical reactions and pathways involving a protein."" [GOC:ai]"	677	5569	238	21026	0.04273657748249237	0.3515509601181684	query_1	['GO:0010605', 'GO:0019538', 'GO:0051246']
GO:BP	GO:0043009	chordate embryonic development	0.0006311135095073678	True	"""The process whose specific outcome is the progression of the embryo over time, from zygote formation through a stage including a notochord and neural tube until birth or egg hatching."" [GOC:mtg_sensu]"	671	5569	236	21026	0.042377446579278145	0.35171385991058124	query_1	['GO:0009792']
GO:BP	GO:0046390	ribose phosphate biosynthetic process	0.0007146939531137011	True	"""The chemical reactions and pathways resulting in the formation of ribose phosphate, any phosphorylated ribose sugar."" [GOC:ai]"	183	5569	80	21026	0.014365236128568864	0.4371584699453552	query_1	['GO:0019693', 'GO:0090407', 'GO:1901137']
GO:BP	GO:0051252	regulation of RNA metabolic process	0.000745829469919892	True	"""Any process that modulates the frequency, rate or extent of the chemical reactions and pathways involving RNA."" [GOC:ai]"	3687	5569	1099	21026	0.19734243131621476	0.29807431516137783	query_1	['GO:0016070', 'GO:0019219', 'GO:0060255']
GO:BP	GO:0009792	embryo development ending in birth or egg hatching	0.0007509024708001721	True	"""The process whose specific outcome is the progression of an embryo over time, from zygote formation until the end of the embryonic life stage. The end of the embryonic life stage is organism-specific and may be somewhat arbitrary; for mammals it is usually considered to be birth, for insects the hatching of the first instar larva from the eggshell."" [GOC:go_curators, GOC:isa_complete, GOC:mtg_sensu]"	692	5569	242	21026	0.04345483928892081	0.34971098265895956	query_1	['GO:0009790']
GO:BP	GO:0006650	glycerophospholipid metabolic process	0.000792630689344463	True	"""The chemical reactions and pathways involving glycerophospholipids, any derivative of glycerophosphate that contains at least one O-acyl, O-alkyl, or O-alkenyl group attached to the glycerol residue."" [ISBN:0198506732]"	309	5569	122	21026	0.021906985096067515	0.3948220064724919	query_1	['GO:0006644', 'GO:0046486']
GO:BP	GO:0035295	tube development	0.0008578619812257477	True	"""The process whose specific outcome is the progression of a tube over time, from its initial formation to a mature structure. Epithelial and endothelial tubes transport gases, liquids and cells from one site to another and form the basic structure of many organs and tissues including lung and trachea, kidney, the mammary gland, the vascular system and the gastrointestinal and urinary-genital tracts."" [PMID:12526790]"	1101	5569	364	21026	0.06536182438498833	0.33060853769300635	query_1	['GO:0007275', 'GO:0048856']
GO:BP	GO:0016236	macroautophagy	0.0008581081388761816	True	"""The autophagic process that proceeds via the formation of an autophagosome."" [PMID:24366339]"	362	5569	139	21026	0.0249595977733884	0.3839779005524862	query_1	['GO:0006914']
GO:BP	GO:0051049	regulation of transport	0.0009984041996747668	True	"""Any process that modulates the frequency, rate or extent of the directed movement of substances (such as macromolecules, small molecules, ions) into, out of or within a cell, or between cells, by means of some agent such as a transporter or pore."" [GOC:ai]"	1607	5569	511	21026	0.09175794577123361	0.31798382078406967	query_1	['GO:0006810', 'GO:0032879']
GO:BP	GO:0045595	regulation of cell differentiation	0.0010132546460467006	True	"""Any process that modulates the frequency, rate or extent of cell differentiation, the process in which relatively unspecialized cells acquire specialized structural and functional features."" [GOC:go_curators]"	1576	5569	502	21026	0.09014185670676962	0.31852791878172587	query_1	['GO:0030154', 'GO:0050793', 'GO:0050794']
GO:BP	GO:0051129	negative regulation of cellular component organization	0.0010262730176855079	True	"""Any process that stops, prevents, or reduces the frequency, rate or extent of a process involved in the formation, arrangement of constituent parts, or disassembly of cell structures, including the plasma membrane and any external encapsulating structures such as the cell wall and cell envelope."" [GOC:ai]"	701	5569	244	21026	0.04381397019213503	0.34807417974322397	query_1	['GO:0016043', 'GO:0048523', 'GO:0051128']
GO:BP	GO:0043066	negative regulation of apoptotic process	0.0010698957484008894	True	"""Any process that stops, prevents, or reduces the frequency, rate or extent of cell death by apoptotic process."" [GOC:jl, GOC:mtg_apoptosis]"	874	5569	296	21026	0.05315137367570479	0.33867276887871856	query_1	['GO:0006915', 'GO:0042981', 'GO:0043069']
GO:BP	GO:0016032	viral process	0.0010774508869021689	True	"""A multi-organism process in which a virus is a participant. The other participant is the host. Includes infection of a host cell, replication of the viral genome, and assembly of progeny virus particles. In some cases the viral genetic material may integrate into the host genome and only subsequently, under particular circumstances, 'complete' its life cycle."" [GOC:bf, GOC:jl, GOC:mah]"	423	5569	158	21026	0.028371341353923506	0.3735224586288416	query_1	['GO:0008150']
GO:BP	GO:0051656	establishment of organelle localization	0.001273861281833592	True	"""The directed movement of an organelle to a specific location."" [GOC:ai]"	491	5569	179	21026	0.03214221583767283	0.3645621181262729	query_1	['GO:0051234', 'GO:0051640']
GO:BP	GO:0051174	regulation of phosphorus metabolic process	0.0014009639440594175	True	"""Any process that modulates the frequency, rate or extent of the chemical reactions and pathways involving phosphorus or compounds containing phosphorus."" [GOC:ai]"	957	5569	320	21026	0.057460944514275455	0.3343782654127482	query_1	['GO:0006793', 'GO:0019222']
GO:BP	GO:2001141	regulation of RNA biosynthetic process	0.001402177334607492	True	"""Any process that modulates the frequency, rate or extent of RNA biosynthetic process."" [GOC:dph]"	3428	5569	1024	21026	0.18387502244568146	0.29871645274212366	query_1	['GO:0010556', 'GO:0032774', 'GO:0051252']
GO:BP	GO:1902680	positive regulation of RNA biosynthetic process	0.001524160222927694	True	"""Any process that activates or increases the frequency, rate or extent of RNA biosynthetic process."" [GO:jl, GO_REF:0000058, GOC:TermGenie]"	1699	5569	536	21026	0.09624708206141139	0.3154796939376104	query_1	['GO:0010557', 'GO:0032774', 'GO:0051254', 'GO:2001141']
GO:BP	GO:0006979	response to oxidative stress	0.00158814457756939	True	"""Any process that results in a change in state or activity of a cell or an organism (in terms of movement, secretion, enzyme production, gene expression, etc.) as a result of oxidative stress, a state often resulting from exposure to high levels of reactive oxygen species, e.g. superoxide anions, hydrogen peroxide (H2O2), and hydroxyl radicals."" [GOC:jl, PMID:12115731]"	400	5569	150	21026	0.026934817741066618	0.375	query_1	['GO:0006950']
GO:BP	GO:0046903	secretion	0.0016028471437160472	True	"""The controlled release of a substance by a cell or a tissue."" [GOC:ai]"	992	5569	330	21026	0.05925659903034656	0.3326612903225806	query_1	['GO:0006810']
GO:BP	GO:0006261	DNA-templated DNA replication	0.0016233916355005253	True	"""A DNA replication process that uses parental DNA as a template for the DNA-dependent DNA polymerases that synthesize the new strands."" [GOC:mah, ISBN:0198506732]"	160	5569	71	21026	0.012749147064104866	0.44375	query_1	['GO:0006260']
GO:BP	GO:0090110	COPII-coated vesicle cargo loading	0.0016509257055343513	True	"""The formation of a macromolecular complex between the COPII coat proteins and proteins and/or lipoproteins that are going to be transported by the COPII vesicle to the Golgi."" [GOC:ascb_2009, GOC:dph, GOC:lb, GOC:tb]"	18	5569	15	21026	0.0026934817741066618	0.8333333333333334	query_1	['GO:0035459', 'GO:0046907', 'GO:0090114']
GO:BP	GO:0009259	ribonucleotide metabolic process	0.0016857274946795217	True	"""The chemical reactions and pathways involving a ribonucleotide, a compound consisting of ribonucleoside (a base linked to a ribose sugar) esterified with a phosphate group at either the 3' or 5'-hydroxyl group of the sugar."" [GOC:go_curators, ISBN:0198506732]"	372	5569	141	21026	0.025318728676602623	0.3790322580645161	query_1	['GO:0009117', 'GO:0019693']
GO:BP	GO:0019220	regulation of phosphate metabolic process	0.0018039459904444241	True	"""Any process that modulates the frequency, rate or extent of the chemical reactions and pathways involving phosphates."" [GOC:go_curators]"	956	5569	319	21026	0.05728137906266834	0.33368200836820083	query_1	['GO:0006796', 'GO:0051174']
GO:BP	GO:0007417	central nervous system development	0.0018291656711565557	True	"""The process whose specific outcome is the progression of the central nervous system over time, from its formation to the mature structure. The central nervous system is the core nervous system that serves an integrating and coordinating function. In vertebrates it consists of the brain and spinal cord. In those invertebrates with a central nervous system it typically consists of a brain, cerebral ganglia and a nerve cord."" [GOC:bf, GOC:jid, ISBN:0582227089]"	1061	5569	350	21026	0.06284790806248877	0.3298774740810556	query_1	['GO:0007399', 'GO:0048731']
GO:BP	GO:0051254	positive regulation of RNA metabolic process	0.0019914412068409238	True	"""Any process that activates or increases the frequency, rate or extent of the chemical reactions and pathways involving RNA."" [GOC:ai]"	1835	5569	574	21026	0.10307056922248159	0.3128065395095368	query_1	['GO:0010604', 'GO:0016070', 'GO:0045935', 'GO:0051252']
GO:BP	GO:0009150	purine ribonucleotide metabolic process	0.0019918477472208227	True	"""The chemical reactions and pathways involving a purine ribonucleotide, a compound consisting of ribonucleoside (a purine base linked to a ribose sugar) esterified with a phosphate group at either the 3' or 5'-hydroxyl group of the sugar."" [GOC:go_curators, ISBN:0198506732]"	351	5569	134	21026	0.024061770515352847	0.3817663817663818	query_1	['GO:0006163', 'GO:0009259']
GO:BP	GO:0006355	regulation of DNA-templated transcription	0.0020023803128656347	True	"""Any process that modulates the frequency, rate or extent of cellular DNA-templated transcription."" [GOC:go_curators, GOC:txnOH]"	3409	5569	1017	21026	0.18261806428443167	0.2983279554121443	query_1	['GO:0006351', 'GO:0010468', 'GO:2001141']
GO:BP	GO:0006644	phospholipid metabolic process	0.0020410399031286076	True	"""The chemical reactions and pathways involving phospholipids, any lipid containing phosphoric acid as a mono- or diester."" [ISBN:0198506732]"	392	5569	147	21026	0.026396121386245287	0.375	query_1	['GO:0006629', 'GO:0006796', 'GO:0019637']
GO:BP	GO:0006260	DNA replication	0.0020417658259571057	True	"""The cellular metabolic process in which a cell duplicates one or more molecules of DNA. DNA replication begins when specific sequences, known as origins of replication, are recognized and bound by the origin recognition complex, and ends when the original DNA molecule has been completely duplicated and the copies topologically separated. The unit of replication usually corresponds to the genome of the cell, an organelle, or a virus. The template for replication can either be an existing DNA molecule or RNA."" [GOC:mah]"	283	5569	112	21026	0.02011133057999641	0.3957597173144876	query_1	['GO:0006259']
GO:BP	GO:0062012	regulation of small molecule metabolic process	0.0020446054478652606	True	"""Any process that modulates the rate, frequency or extent of a small molecule metabolic process."" [GOC:vw]"	320	5569	124	21026	0.022266115999281737	0.3875	query_1	['GO:0019222', 'GO:0044281']
GO:BP	GO:1901698	response to nitrogen compound	0.0022364624855578013	True	"""Any process that results in a change in state or activity of a cell or an organism (in terms of movement, secretion, enzyme production, gene expression, etc.) as a result of a nitrogen compound stimulus."" [GOC:pr, GOC:TermGenie]"	1080	5569	355	21026	0.06374573532052433	0.3287037037037037	query_1	['GO:0042221']
GO:BP	GO:0045893	positive regulation of DNA-templated transcription	0.0022609078445338464	True	"""Any process that activates or increases the frequency, rate or extent of cellular DNA-templated transcription."" [GOC:go_curators, GOC:txnOH]"	1697	5569	534	21026	0.09588795115819716	0.3146729522687095	query_1	['GO:0006351', 'GO:0006355', 'GO:1902680']
GO:BP	GO:0019693	ribose phosphate metabolic process	0.002270156317587622	True	"""The chemical reactions and pathways involving ribose phosphate, any phosphorylated ribose sugar."" [GOC:ai]"	380	5569	143	21026	0.025677859579816845	0.3763157894736842	query_1	['GO:0006796', 'GO:0019637', 'GO:1901135']
GO:BP	GO:0051726	regulation of cell cycle	0.0022807193405958515	True	"""Any process that modulates the rate or extent of progression through the cell cycle."" [GOC:ai, GOC:dph, GOC:tb]"	1087	5569	357	21026	0.06410486622373855	0.32842686292548295	query_1	['GO:0007049', 'GO:0050794']
GO:BP	GO:0006468	protein phosphorylation	0.0022896242467143617	True	"""The process of introducing a phosphate group on to a protein."" [GOC:hb]"	1227	5569	398	21026	0.0714670497396301	0.3243683781581092	query_1	['GO:0016310', 'GO:0036211']
GO:BP	GO:0006351	DNA-templated transcription	0.0023976433073078867	True	"""The synthesis of an RNA transcript from a DNA template."" [GOC:jl, GOC:txnOH]"	3549	5569	1055	21026	0.1894415514455019	0.2972668357283742	query_1	['GO:0010467', 'GO:0032774']
GO:BP	GO:0071396	cellular response to lipid	0.0026488825047421005	True	"""Any process that results in a change in state or activity of a cell (in terms of movement, secretion, enzyme production, gene expression, etc.) as a result of a lipid stimulus."" [GOC:mah]"	613	5569	215	21026	0.03860657209552882	0.35073409461663946	query_1	['GO:0033993', 'GO:0070887']
GO:BP	GO:0043603	amide metabolic process	0.0030615813671524723	True	"""The chemical reactions and pathways involving an amide, any derivative of an oxoacid in which an acidic hydroxy group has been replaced by an amino or substituted amino group, as carried out by individual cells."" [GOC:curators]"	455	5569	166	21026	0.029807864966780392	0.3648351648351648	query_1	['GO:0008152']
GO:BP	GO:0019058	viral life cycle	0.003229642105040328	True	"""A set of processes which all viruses follow to ensure survival; includes attachment and entry of the virus particle, decoding of genome information, translation of viral mRNA by host ribosomes, genome replication, and assembly and release of viral particles containing the genome."" [ISBN:1555811272]"	310	5569	120	21026	0.021547854192853294	0.3870967741935484	query_1	['GO:0016032']
GO:BP	GO:0044093	positive regulation of molecular function	0.003236710575001587	True	"""Any process that activates or increases the rate or extent of a molecular function, an elemental biological activity occurring at the molecular level, such as catalysis or binding."" [GO:jl]"	884	5569	296	21026	0.05315137367570479	0.334841628959276	query_1	['GO:0065009']
GO:BP	GO:0016042	lipid catabolic process	0.003400952006336859	True	"""The chemical reactions and pathways resulting in the breakdown of lipids, compounds soluble in an organic solvent but not, or sparingly, in an aqueous solvent."" [GOC:go_curators]"	354	5569	134	21026	0.024061770515352847	0.3785310734463277	query_1	['GO:0006629', 'GO:0009056']
GO:BP	GO:0009653	anatomical structure morphogenesis	0.0035669055465787384	True	"""The process in which anatomical structures are generated and organized. Morphogenesis pertains to the creation of form."" [GOC:go_curators, ISBN:0521436125]"	2713	5569	820	21026	0.14724367031783084	0.30224843346848507	query_1	['GO:0032502', 'GO:0048856']
GO:BP	GO:0042594	response to starvation	0.0036762803637171494	True	"""Any process that results in a change in state or activity of a cell or an organism (in terms of movement, secretion, enzyme production, gene expression, etc.) as a result of a starvation stimulus, deprivation of nourishment."" [GOC:go_curators]"	219	5569	90	21026	0.01616089064463997	0.410958904109589	query_1	['GO:0006950', 'GO:0031667']
GO:BP	GO:0060562	epithelial tube morphogenesis	0.003932464928563306	True	"""The process in which the anatomical structures of a tube are generated and organized from an epithelium. Epithelial tubes transport gases, liquids and cells from one site to another and form the basic structure of many organs and tissues, with tube shape and organization varying from the single-celled excretory organ in Caenorhabditis elegans to the branching trees of the mammalian kidney and insect tracheal system."" [GOC:dph]"	336	5569	128	21026	0.022984377805710183	0.38095238095238093	query_1	['GO:0002009', 'GO:0035239']
GO:BP	GO:0048565	digestive tract development	0.004583069797493868	True	"""The process whose specific outcome is the progression of the digestive tract over time, from its formation to the mature structure. The digestive tract is the anatomical structure through which food passes and is processed."" [GOC:go_curators]"	135	5569	61	21026	0.010953492548033758	0.45185185185185184	query_1	['GO:0035295', 'GO:0055123']
GO:BP	GO:0140352	export from cell	0.004698867443951694	True	"""The directed movement of some substance from a cell, into the extracellular region. This may occur via transport across the plasma membrane or via exocytosis."" [GOC:pg]"	928	5569	308	21026	0.05530615909499012	0.33189655172413796	query_1	['GO:0006810', 'GO:0009987']
GO:BP	GO:0097193	intrinsic apoptotic signaling pathway	0.004701025713368722	True	"""The series of molecular signals in which an intracellular signal is conveyed to trigger the apoptotic death of a cell. The pathway starts with reception of an intracellular signal (e.g. DNA damage, endoplasmic reticulum stress, oxidative stress etc.), and ends when the execution phase of apoptosis is triggered. The intrinsic apoptotic signaling pathway is crucially regulated by permeabilization of the mitochondrial outer membrane (MOMP)."" [GOC:mtg_apoptosis, GOC:yaf, PMID:11919192, PMID:17340152, PMID:18852119]"	312	5569	120	21026	0.021547854192853294	0.38461538461538464	query_1	['GO:0035556', 'GO:0097190']
GO:BP	GO:0001701	in utero embryonic development	0.004739240861412752	True	"""The process whose specific outcome is the progression of the embryo in the uterus over time, from formation of the zygote in the oviduct, to birth. An example of this process is found in Mus musculus."" [GOC:go_curators, GOC:mtg_sensu]"	413	5569	152	21026	0.02729394864428084	0.36803874092009686	query_1	['GO:0043009']
GO:BP	GO:0071345	cellular response to cytokine stimulus	0.004792233860914477	True	"""Any process that results in a change in state or activity of a cell (in terms of movement, secretion, enzyme production, gene expression, etc.) as a result of a cytokine stimulus."" [GOC:mah]"	854	5569	286	21026	0.05135571915963369	0.33489461358313816	query_1	['GO:0034097']
GO:BP	GO:0006974	DNA damage response	0.004832824641215322	True	"""Any process that results in a change in state or activity of a cell (in terms of movement, secretion, enzyme production, gene expression, etc.) as a result of a stimulus indicating damage to its DNA from environmental insults or errors during metabolism."" [GOC:go_curators]"	908	5569	302	21026	0.05422876638534746	0.33259911894273125	query_1	['GO:0033554']
GO:BP	GO:0006873	intracellular monoatomic ion homeostasis	0.0051891407047847385	True	"""A homeostatic process involved in the maintenance of a steady state level of monoatomic ions within a cell. Monatomic ions (also called simple ions) are ions consisting of exactly one atom."" [GOC:mah]"	533	5569	189	21026	0.03393787035374394	0.3545966228893058	query_1	['GO:0050801', 'GO:0055082']
GO:BP	GO:0007155	cell adhesion	0.00520895383694963	True	"""The attachment of a cell, either to another cell or to an underlying substrate such as the extracellular matrix, via cell adhesion molecules."" [GOC:hb, GOC:pf]"	1530	5569	483	21026	0.0867301131262345	0.3156862745098039	query_1	['GO:0009987']
GO:BP	GO:0030334	regulation of cell migration	0.005495833852622175	True	"""Any process that modulates the frequency, rate or extent of cell migration."" [GOC:go_curators]"	960	5569	317	21026	0.05692224815945412	0.3302083333333333	query_1	['GO:0016477', 'GO:2000145']
GO:BP	GO:0007059	chromosome segregation	0.005727685441343025	True	"""The process in which genetic material, in the form of chromosomes, is organized into specific structures and then physically separated and apportioned to two or more sets. In eukaryotes, chromosome segregation begins with the condensation of chromosomes, includes chromosome separation, and ends when chromosomes have completed movement to the spindle poles."" [GOC:jl, GOC:mah, GOC:mtg_cell_cycle, GOC:vw]"	427	5569	156	21026	0.028012210450709285	0.36533957845433257	query_1	['GO:0022402']
GO:BP	GO:0008202	steroid metabolic process	0.005753353114673957	True	"""The chemical reactions and pathways involving steroids, compounds with a 1,2,cyclopentanoperhydrophenanthrene nucleus."" [ISBN:0198547684]"	335	5569	127	21026	0.02280481235410307	0.37910447761194027	query_1	['GO:0006629']
GO:BP	GO:0034097	response to cytokine	0.0058134137888527365	True	"""Any process that results in a change in state or activity of a cell or an organism (in terms of movement, secretion, enzyme production, gene expression, etc.) as a result of a cytokine stimulus."" [GOC:sl]"	947	5569	313	21026	0.056203986353025676	0.33051742344244983	query_1	['GO:1901652']
GO:BP	GO:0006259	DNA metabolic process	0.0059891626990662816	True	"""Any cellular metabolic process involving deoxyribonucleic acid. This is one of the two main types of nucleic acid, consisting of a long, unbranched macromolecule formed from one, or more commonly, two, strands of linked deoxyribonucleotides."" [ISBN:0198506732]"	1005	5569	330	21026	0.05925659903034656	0.3283582089552239	query_1	['GO:0090304']
GO:BP	GO:0009894	regulation of catabolic process	0.006571735611218191	True	"""Any process that modulates the frequency, rate, or extent of the chemical reactions and pathways resulting in the breakdown of substances."" [GOC:go_curators]"	1040	5569	340	21026	0.06105225354641767	0.3269230769230769	query_1	['GO:0009056', 'GO:0019222']
GO:BP	GO:0051276	chromosome organization	0.006576456954173935	True	"""A process that is carried out at the cellular level that results in the assembly, arrangement of constituent parts, or disassembly of chromosomes, structures composed of a very long molecule of DNA and associated proteins that carries hereditary information. This term covers covalent modifications at the molecular level as well as spatial relationships among the major components of a chromosome."" [GOC:ai, GOC:dph, GOC:jl, GOC:mah]"	574	5569	201	21026	0.03609265577302927	0.3501742160278746	query_1	['GO:0006996']
GO:BP	GO:1901652	response to peptide	0.006717854872105786	True	"""Any process that results in a change in state or activity of a cell or an organism (in terms of movement, secretion, enzyme production, gene expression, etc.) as a result of a peptide stimulus."" [GOC:pr, GOC:TermGenie]"	962	5569	317	21026	0.05692224815945412	0.3295218295218295	query_1	['GO:0042221']
GO:BP	GO:0051960	regulation of nervous system development	0.006727331560889404	True	"""Any process that modulates the frequency, rate or extent of nervous system development, the origin and formation of nervous tissue."" [GOC:ai]"	457	5569	165	21026	0.02962829951517328	0.3610503282275711	query_1	['GO:0007399', 'GO:2000026']
GO:BP	GO:0055082	intracellular chemical homeostasis	0.006931271061887019	True	"""A homeostatic process involved in the maintenance of a steady state level of a chemical within a cell."" [GOC:isa_complete, GOC:jid]"	730	5569	248	21026	0.044532231998563473	0.33972602739726027	query_1	['GO:0019725', 'GO:0048878']
GO:BP	GO:0008203	cholesterol metabolic process	0.006952631459955081	True	"""The chemical reactions and pathways involving cholesterol, cholest-5-en-3 beta-ol, the principal sterol of vertebrates and the precursor of many steroids, including bile acids and steroid hormones. It is a component of the plasma membrane lipid bilayer and of plasma lipoproteins and can be found in all animal tissues."" [ISBN:0198506732]"	145	5569	64	21026	0.011492188902855091	0.4413793103448276	query_1	['GO:0016125', 'GO:1902652']
GO:BP	GO:0016125	sterol metabolic process	0.00800167472320317	True	"""The chemical reactions and pathways involving sterols, steroids with one or more hydroxyl groups and a hydrocarbon side-chain in the molecule."" [ISBN:0198547684]"	160	5569	69	21026	0.012390016160890645	0.43125	query_1	['GO:0008202']
GO:BP	GO:2000145	regulation of cell motility	0.008314902594379767	True	"""Any process that modulates the frequency, rate or extent of cell motility."" [GOC:mah]"	1022	5569	334	21026	0.059974860836775	0.3268101761252446	query_1	['GO:0040012', 'GO:0048870', 'GO:0050794']
GO:BP	GO:0001667	ameboidal-type cell migration	0.008701498586966047	True	"""Cell migration that is accomplished by extension and retraction of a pseudopodium."" [GOC:dph]"	235	5569	94	21026	0.016879152451068413	0.4	query_1	['GO:0016477']
GO:BP	GO:0015711	organic anion transport	0.00902252112105232	True	"""The directed movement of organic anions into, out of or within a cell, or between cells, by means of some agent such as a transporter or pore. Organic anions are atoms or small molecules with a negative charge which contain carbon in covalent linkage."" [GOC:ai, GOC:krc]"	459	5569	165	21026	0.02962829951517328	0.35947712418300654	query_1	['GO:0006810']
GO:BP	GO:0030003	intracellular monoatomic cation homeostasis	0.009024483289787966	True	"""A homeostatic process involved in the maintenance of a steady state level of monoatomic cations within a cell. Monatomic cations (also called simple cations) are cations consisting of exactly one atom."" [GOC:ceb, GOC:mah]"	524	5569	185	21026	0.033219608547315496	0.3530534351145038	query_1	['GO:0006873', 'GO:0055080']
GO:BP	GO:0042326	negative regulation of phosphorylation	0.009641299235568062	True	"""Any process that stops, prevents or decreases the rate of addition of phosphate groups to a molecule."" [GOC:jl]"	260	5569	102	21026	0.018315676063925302	0.3923076923076923	query_1	['GO:0016310', 'GO:0042325', 'GO:0045936']
GO:BP	GO:2000026	regulation of multicellular organismal development	0.011255131828047996	True	"""Any process that modulates the frequency, rate or extent of multicellular organismal development."" [GOC:obol]"	1418	5569	448	21026	0.08044532231998563	0.3159379407616361	query_1	['GO:0007275', 'GO:0050793', 'GO:0051239']
GO:BP	GO:0051094	positive regulation of developmental process	0.012532372078380899	True	"""Any process that activates or increases the rate or extent of development, the biological process whose specific outcome is the progression of an organism over time from an initial condition (e.g. a zygote, or a young adult) to a later condition (e.g. a multicellular animal or an aged adult)."" [GOC:ai]"	1343	5569	426	21026	0.0764948823846292	0.31720029784065523	query_1	['GO:0032502', 'GO:0048518', 'GO:0050793']
GO:BP	GO:1902652	secondary alcohol metabolic process	0.01299698740638981	True	"""The chemical reactions and pathways involving secondary alcohol."" [GO_REF:0000068, GOC:mengo_curators, GOC:TermGenie, PMID:11288200]"	156	5569	67	21026	0.012030885257676423	0.42948717948717946	query_1	['GO:0006066']
GO:BP	GO:0050801	monoatomic ion homeostasis	0.013578963519446966	True	"""Any process involved in the maintenance of an internal steady state of monoatomic ions within an organism or cell. Monatomic ions (also called simple ions) are ions consisting of exactly one atom."" [GOC:ai]"	616	5569	212	21026	0.03806787574070749	0.34415584415584416	query_1	['GO:0048878']
GO:BP	GO:0010256	endomembrane system organization	0.014104761059641278	True	"""A process that is carried out at the cellular level which results in the assembly, arrangement of constituent parts, or disassembly of the endomembrane system."" [GOC:mah, GOC:sm]"	613	5569	211	21026	0.03788831028910038	0.3442088091353997	query_1	['GO:0016043']
GO:BP	GO:0072330	monocarboxylic acid biosynthetic process	0.014248684263894596	True	"""The chemical reactions and pathways resulting in the formation of monocarboxylic acids, any organic acid containing one carboxyl (-COOH) group."" [GOC:mah]"	213	5569	86	21026	0.015442628838211528	0.40375586854460094	query_1	['GO:0032787', 'GO:0046394']
GO:BP	GO:0009605	response to external stimulus	0.014523190387949943	True	"""Any process that results in a change in state or activity of a cell or an organism (in terms of movement, secretion, enzyme production, gene expression, etc.) as a result of an external stimulus."" [GOC:hb]"	2415	5569	730	21026	0.13108277967319087	0.3022774327122153	query_1	['GO:0050896']
GO:BP	GO:0051241	negative regulation of multicellular organismal process	0.0157355994640814	True	"""Any process that stops, prevents, or reduces the frequency, rate or extent of an organismal process, the processes pertinent to the function of an organism above the cellular level; includes the integrated processes of tissues and organs."" [GOC:ai]"	1087	5569	351	21026	0.06302747351409589	0.32290708371665133	query_1	['GO:0032501', 'GO:0048519', 'GO:0051239']
GO:BP	GO:0035239	tube morphogenesis	0.01585356486791872	True	"""The process in which the anatomical structures of a tube are generated and organized. Epithelial and endothelial tubes transport gases, liquids and cells from one site to another and form the basic structure of many organs and tissues, with tube shape and organization varying from the single-celled excretory organ in Caenorhabditis elegans to the branching trees of the mammalian kidney and insect tracheal system."" [GOC:bf, PMID:14624839]"	879	5569	290	21026	0.05207398096606213	0.32992036405005687	query_1	['GO:0009653', 'GO:0035295']
GO:BP	GO:0016050	vesicle organization	0.016062219649640493	True	"""A process that is carried out at the cellular level which results in the assembly, arrangement of constituent parts, or disassembly of a vesicle."" [GOC:mah]"	376	5569	138	21026	0.02478003232178129	0.3670212765957447	query_1	['GO:0006996']
GO:BP	GO:0048871	multicellular organismal-level homeostasis	0.01608099330194356	True	"""Any process involved in the maintenance of an internal steady state at the level of the multicellular organism."" [GOC:isa_complete]"	825	5569	274	21026	0.049200933740348354	0.3321212121212121	query_1	['GO:0032501', 'GO:0042592']
GO:BP	GO:1903829	positive regulation of protein localization	0.01636093446548955	True	"""Any process that activates or increases the frequency, rate or extent of a protein localization."" [GO_REF:0000058, GOC:TermGenie, GOC:vw]"	499	5569	176	21026	0.0316035194828515	0.3527054108216433	query_1	['GO:0008104', 'GO:0032880', 'GO:0048522']
GO:BP	GO:0030001	metal ion transport	0.016850680330376042	True	"""The directed movement of metal ions, any metal ion with an electric charge, into, out of or within a cell, or between cells, by means of some agent such as a transporter or pore."" [GOC:ai]"	883	5569	291	21026	0.05225354641766924	0.32955832389580975	query_1	['GO:0006812']
GO:BP	GO:0043068	positive regulation of programmed cell death	0.018874627642753505	True	"""Any process that activates or increases the frequency, rate or extent of programmed cell death, cell death resulting from activation of endogenous cellular processes."" [GOC:jl]"	546	5569	190	21026	0.03411743580535105	0.34798534798534797	query_1	['GO:0012501', 'GO:0043067', 'GO:0048522']
GO:BP	GO:0007015	actin filament organization	0.019062998892231592	True	"""A process that is carried out at the cellular level which results in the assembly, arrangement of constituent parts, or disassembly of cytoskeletal structures comprising actin filaments. Includes processes that control the spatial distribution of actin filaments, such as organizing filaments into meshworks, bundles, or other structures, as by cross-linking."" [GOC:mah]"	461	5569	164	21026	0.02944873406356617	0.3557483731019523	query_1	['GO:0030036', 'GO:0097435']
GO:BP	GO:0060284	regulation of cell development	0.019162415810547912	True	"""Any process that modulates the rate, frequency or extent of the progression of the cell over time, from its formation to the mature structure. Cell development does not include the steps involved in committing a cell to a specific fate."" [GOC:dph, GOC:tb]"	847	5569	280	21026	0.05027832644999102	0.3305785123966942	query_1	['GO:0045595', 'GO:0048468']
GO:BP	GO:0097435	supramolecular fiber organization	0.020048586594769015	True	"""A process that is carried out at the cellular level which results in the assembly, arrangement of constituent parts, or disassembly of a supramolecular fiber, a polymer consisting of an indefinite number of protein or protein complex subunits that have polymerised to form a fiber-shaped structure."" [GOC:pr]"	861	5569	284	21026	0.050996588256419464	0.32984901277584205	query_1	['GO:0016043']
GO:BP	GO:0055123	digestive system development	0.020250391898908985	True	"""The process whose specific outcome is the progression of the digestive system over time, from its formation to the mature structure. The digestive system is the entire structure in which digestion takes place. Digestion is all of the physical, chemical, and biochemical processes carried out by multicellular organisms to break down ingested nutrients into components that may be easily absorbed and directed into metabolism."" [GOC:jid]"	146	5569	63	21026	0.011312623451247979	0.4315068493150685	query_1	['GO:0048731']
GO:BP	GO:0031400	negative regulation of protein modification process	0.02109220659251175	True	"""Any process that stops, prevents, or reduces the frequency, rate or extent of the covalent alteration of one or more amino acid residues within a protein."" [GOC:mah, GOC:tb]"	349	5569	129	21026	0.023163943257317292	0.36962750716332377	query_1	['GO:0031399', 'GO:0036211', 'GO:0051248']
GO:BP	GO:0010564	regulation of cell cycle process	0.021501942117251246	True	"""Any process that modulates a cellular process that is involved in the progression of biochemical and morphological phases and events that occur in a cell during successive cell replication or nuclear replication events."" [GOC:dph, GOC:tb]"	720	5569	242	21026	0.04345483928892081	0.33611111111111114	query_1	['GO:0022402', 'GO:0051726']
GO:BP	GO:0010876	lipid localization	0.023516270885060506	True	"""Any process in which a lipid is transported to, or maintained in, a specific location."" [GOC:BHF, GOC:dph, GOC:tb]"	456	5569	162	21026	0.02908960316035195	0.35526315789473684	query_1	['GO:0033036']
GO:BP	GO:0002683	negative regulation of immune system process	0.024031003096814576	True	"""Any process that stops, prevents, or reduces the frequency, rate, or extent of an immune system process."" [GOC:add]"	515	5569	180	21026	0.03232178128927994	0.34951456310679613	query_1	['GO:0002376', 'GO:0002682', 'GO:0048519']
GO:BP	GO:0048193	Golgi vesicle transport	0.025102373277003424	True	"""The directed movement of substances into, out of or within the Golgi apparatus, mediated by vesicles."" [GOC:jid, ISBN:0716731363, PMID:10219233]"	312	5569	117	21026	0.021009157838031964	0.375	query_1	['GO:0016192']
GO:BP	GO:0006366	transcription by RNA polymerase II	0.026348342958196366	True	"""The synthesis of RNA from a DNA template by RNA polymerase II (RNAP II), originating at an RNA polymerase II promoter. Includes transcription of messenger RNA (mRNA) and certain small nuclear RNAs (snRNAs)."" [GOC:jl, GOC:txnOH, ISBN:0321000382]"	2711	5569	810	21026	0.14544801580175973	0.2987827369974179	query_1	['GO:0006351']
GO:BP	GO:0042325	regulation of phosphorylation	0.026803953570061687	True	"""Any process that modulates the frequency, rate or extent of addition of phosphate groups into a molecule."" [GOC:jl]"	830	5569	274	21026	0.049200933740348354	0.3301204819277108	query_1	['GO:0016310', 'GO:0019220']
GO:BP	GO:0042180	ketone metabolic process	0.027306968678855247	True	"""The chemical reactions and pathways involving any of a class of organic compounds that contain the carbonyl group, CO, and in which the carbonyl group is bonded only to carbon atoms, as carried out by individual cells. The general formula for a ketone is RCOR, where R and R are alkyl or aryl groups."" [GOC:jl, ISBN:0787650153]"	213	5569	85	21026	0.015263063386604417	0.39906103286384975	query_1	['GO:0008152']
GO:BP	GO:0009062	fatty acid catabolic process	0.02838326850825554	True	"""The chemical reactions and pathways resulting in the breakdown of a fatty acid, any of the aliphatic monocarboxylic acids that can be liberated by hydrolysis from naturally occurring fats and oils. Fatty acids are predominantly straight-chain acids of 4 to 24 carbon atoms, which may be saturated or unsaturated; branched fatty acids and hydroxy fatty acids also occur, and very long chain acids of over 30 carbons are found in waxes."" [GOC:go_curators]"	107	5569	49	21026	0.008798707128748428	0.45794392523364486	query_1	['GO:0006631', 'GO:0016042', 'GO:0072329']
GO:BP	GO:0031399	regulation of protein modification process	0.0284628900971316	True	"""Any process that modulates the frequency, rate or extent of the covalent alteration of one or more amino acid residues within a protein."" [GOC:mah, GOC:tb]"	1049	5569	338	21026	0.06069312264320345	0.32221163012392756	query_1	['GO:0036211', 'GO:0051246']
GO:BP	GO:0061138	morphogenesis of a branching epithelium	0.02887175477079523	True	"""The process in which the anatomical structures of a branched epithelium are generated and organized."" [GOC:dph]"	189	5569	77	21026	0.01382653977374753	0.4074074074074074	query_1	['GO:0001763', 'GO:0002009']
GO:BP	GO:0055080	monoatomic cation homeostasis	0.02993477950360924	True	"""Any process involved in the maintenance of an internal steady state of monoatomic cations within an organism or cell. Monatomic cations (also called simple cations) are cations consisting of exactly one atom."" [GOC:ceb, GOC:jid, GOC:mah]"	606	5569	207	21026	0.037170048482671934	0.3415841584158416	query_1	['GO:0050801']
GO:BP	GO:0040012	regulation of locomotion	0.0306072745262158	True	"""Any process that modulates the frequency, rate or extent of locomotion of a cell or organism."" [GOC:ems]"	1067	5569	343	21026	0.061590949901239	0.32146204311152765	query_1	['GO:0040011', 'GO:0050789']
GO:BP	GO:0036152	phosphatidylethanolamine acyl-chain remodeling	0.030676506676119476	True	"""Remodeling the acyl chains of phosphatidylethanolamine, through sequential deacylation and re-acylation reactions, to generate phosphatidylethanolamine containing different types of fatty acid acyl chains."" [GOC:mw, PMID:18287005, PMID:18458083]"	11	5569	10	21026	0.001795654516071108	0.9090909090909091	query_1	['GO:0046470']
GO:BP	GO:0060544	regulation of necroptotic process	0.031083041623797318	True	"""Any process that modulates the rate, frequency or extent of a necroptotic process, a necrotic cell death process that results from the activation of endogenous cellular processes, such as signaling involving death domain receptors or Toll-like receptors."" [GOC:BHF, GOC:dph, GOC:mtg_apoptosis, GOC:tb]"	27	5569	18	21026	0.003232178128927994	0.6666666666666666	query_1	['GO:0062098', 'GO:0070266']
GO:BP	GO:0019725	cellular homeostasis	0.03149160113579335	True	"""Any process involved in the maintenance of an internal steady state at the level of the cell."" [GOC:isa_complete, GOC:jl, ISBN:0395825172]"	835	5569	275	21026	0.04938049919195547	0.32934131736526945	query_1	['GO:0042592']
GO:BP	GO:0030030	cell projection organization	0.03215654549442935	True	"""A process that is carried out at the cellular level which results in the assembly, arrangement of constituent parts, or disassembly of a prolongation or process extending from a cell, e.g. a flagellum or axon."" [GOC:jl, GOC:mah, PMID:16318917]"	1631	5569	505	21026	0.09068055306159095	0.3096259963212753	query_1	['GO:0016043']
GO:BP	GO:0016053	organic acid biosynthetic process	0.032297364980668694	True	"""The chemical reactions and pathways resulting in the formation of organic acids, any acidic compound containing carbon in covalent linkage."" [ISBN:0198506732]"	323	5569	120	21026	0.021547854192853294	0.3715170278637771	query_1	['GO:0006082', 'GO:0044283']
GO:BP	GO:0008654	phospholipid biosynthetic process	0.03240594108288878	True	"""The chemical reactions and pathways resulting in the formation of a phospholipid, a lipid containing phosphoric acid as a mono- or diester."" [ISBN:0198506732]"	257	5569	99	21026	0.01777697970910397	0.3852140077821012	query_1	['GO:0006644', 'GO:0008610', 'GO:0090407']
GO:BP	GO:0031175	neuron projection development	0.0324249094252375	True	"""The process whose specific outcome is the progression of a neuron projection over time, from its formation to the mature structure. A neuron projection is any process extending from a neural cell, such as axons or dendrites (collectively called neurites)."" [GOC:mah]"	1023	5569	330	21026	0.05925659903034656	0.3225806451612903	query_1	['GO:0048666', 'GO:0120036']
GO:BP	GO:0071495	cellular response to endogenous stimulus	0.03250393863253502	True	"""Any process that results in a change in state or activity of a cell (in terms of movement, secretion, enzyme production, gene expression, etc.) as a result of a stimulus arising within the organism."" [GOC:mah]"	1223	5569	388	21026	0.06967139522355899	0.3172526573998365	query_1	['GO:0009719']
GO:BP	GO:0009100	glycoprotein metabolic process	0.03284871718447515	True	"""The chemical reactions and pathways involving glycoproteins, a protein that contains covalently bound glycose (i.e. monosaccharide) residues; the glycose occurs most commonly as oligosaccharide or fairly small polysaccharide but occasionally as monosaccharide."" [GOC:go_curators, ISBN:0198506732]"	371	5569	135	21026	0.024241335966959956	0.3638814016172507	query_1	['GO:0019538', 'GO:1901135']
GO:BP	GO:0010810	regulation of cell-substrate adhesion	0.03323367723641517	True	"""Any process that modulates the frequency, rate or extent of cell-substrate adhesion. Cell-substrate adhesion is the attachment of a cell to the underlying substrate via adhesion molecules."" [GOC:dph, GOC:pf, GOC:tb]"	217	5569	86	21026	0.015442628838211528	0.39631336405529954	query_1	['GO:0030155', 'GO:0031589']
GO:BP	GO:0042063	gliogenesis	0.034023541841467726	True	"""The process that results in the generation of glial cells. This includes the production of glial progenitors and their differentiation into mature glia."" [GOC:dgh, GOC:jid]"	352	5569	129	21026	0.023163943257317292	0.3664772727272727	query_1	['GO:0022008']
GO:BP	GO:0010639	negative regulation of organelle organization	0.034023541841467726	True	"""Any process that decreases the frequency, rate or extent of a process involved in the formation, arrangement of constituent parts, or disassembly of an organelle."" [GOC:dph, GOC:tb]"	352	5569	129	21026	0.023163943257317292	0.3664772727272727	query_1	['GO:0006996', 'GO:0033043', 'GO:0051129']
GO:BP	GO:0044419	biological process involved in interspecies interaction between organisms	0.035375877945008044	True	"""Any process evolved to enable an interaction with an organism of a different species."" [GOC:cc]"	1759	5569	541	21026	0.09714490931944694	0.3075611142694713	query_1	['GO:0008150']
GO:BP	GO:0010948	negative regulation of cell cycle process	0.03680717059506284	True	"""Any process that decreases the rate, frequency or extent of a cellular process that is involved in the progression of biochemical and morphological phases and events that occur in a cell during successive cell replication or nuclear replication events."" [GOC:dph, GOC:tb]"	289	5569	109	21026	0.019572634225175075	0.3771626297577855	query_1	['GO:0010564', 'GO:0022402', 'GO:0045786']
GO:BP	GO:0006790	sulfur compound metabolic process	0.037196085362332376	True	"""The chemical reactions and pathways involving the nonmetallic element sulfur or compounds that contain sulfur, such as the amino acids methionine and cysteine or the tripeptide glutathione."" [GOC:ai]"	308	5569	115	21026	0.020650026934817742	0.37337662337662336	query_1	['GO:0008152']
GO:BP	GO:0046395	carboxylic acid catabolic process	0.042438809260451224	True	"""The chemical reactions and pathways resulting in the breakdown of carboxylic acids, any organic acid containing one or more carboxyl (-COOH) groups."" [ISBN:0198506732]"	246	5569	95	21026	0.017058717902675526	0.3861788617886179	query_1	['GO:0016054', 'GO:0019752']
GO:BP	GO:0016054	organic acid catabolic process	0.042438809260451224	True	"""The chemical reactions and pathways resulting in the breakdown of organic acids, any acidic compound containing carbon in covalent linkage."" [ISBN:0198506732]"	246	5569	95	21026	0.017058717902675526	0.3861788617886179	query_1	['GO:0006082', 'GO:0044282']
GO:BP	GO:0001763	morphogenesis of a branching structure	0.042886316006815216	True	"""The process in which the anatomical structures of branches are generated and organized. A branch is a division or offshoot from a main stem. Examples in animals would include blood vessels, nerves, lymphatics and other endothelial or epithelial tubes."" [ISBN:0721662544]"	206	5569	82	21026	0.014724367031783085	0.39805825242718446	query_1	['GO:0009653', 'GO:0032501']
GO:BP	GO:0062098	regulation of programmed necrotic cell death	0.04343433520033964	True	"""Any process that modulates the frequency, rate or extent of programmed necrotic cell death."" [GOC:aruk, GOC:rph, PMID:27258785]"	32	5569	20	21026	0.003591309032142216	0.625	query_1	['GO:0043067', 'GO:0097300']
GO:BP	GO:0080134	regulation of response to stress	0.04478767688415851	True	"""Any process that modulates the frequency, rate or extent of a response to stress. Response to stress is a change in state or activity of a cell or an organism (in terms of movement, secretion, enzyme production, gene expression, etc.) as a result of a disturbance in organismal or cellular homeostasis, usually, but not necessarily, exogenous (e.g. temperature, humidity, ionizing radiation)."" [GOC:dhl]"	1387	5569	434	21026	0.07793140599748609	0.31290555155010813	query_1	['GO:0006950', 'GO:0048583']
GO:BP	GO:0044092	negative regulation of molecular function	0.04509655427847544	True	"""Any process that stops or reduces the rate or extent of a molecular function, an elemental biological activity occurring at the molecular level, such as catalysis or binding."" [GO:jl]"	553	5569	190	21026	0.03411743580535105	0.3435804701627486	query_1	['GO:0065009']
GO:BP	GO:0055088	lipid homeostasis	0.04585903271053842	True	"""Any process involved in the maintenance of an internal steady state of lipid within an organism or cell."" [GOC:BHF, GOC:rl]"	167	5569	69	21026	0.012390016160890645	0.41317365269461076	query_1	['GO:0048878']
GO:BP	GO:0000226	microtubule cytoskeleton organization	0.046459390091367896	True	"""A process that is carried out at the cellular level which results in the assembly, arrangement of constituent parts, or disassembly of cytoskeletal structures comprising microtubules and their associated proteins."" [GOC:mah]"	670	5569	225	21026	0.04040222661159993	0.3358208955223881	query_1	['GO:0007010', 'GO:0007017']
GO:BP	GO:0034308	primary alcohol metabolic process	0.04737393296219123	True	"""The chemical reactions and pathways involving primary alcohols. A primary alcohol is any alcohol in which a hydroxy group, -OH, is attached to a saturated carbon atom which has either three hydrogen atoms attached to it or only one other carbon atom and two hydrogen atoms attached to it."" [GOC:mah]"	103	5569	47	21026	0.008439576225534207	0.4563106796116505	query_1	['GO:0006066']
GO:BP	GO:0048598	embryonic morphogenesis	0.047592525776224824	True	"""The process in which anatomical structures are generated and organized during the embryonic phase. The embryonic phase begins with zygote formation. The end of the embryonic phase is organism-specific. For example, it would be at birth for mammals, larval hatching for insects and seed dormancy in plants."" [GOC:jid, GOC:mtg_sensu]"	620	5569	210	21026	0.037708744837493265	0.3387096774193548	query_1	['GO:0009653', 'GO:0009790']
GO:BP	GO:0072329	monocarboxylic acid catabolic process	0.0488449941717613	True	"""The chemical reactions and pathways resulting in the breakdown of monocarboxylic acids, any organic acid containing one carboxyl (-COOH) group."" [GOC:mah]"	126	5569	55	21026	0.009876099838391094	0.4365079365079365	query_1	['GO:0032787', 'GO:0046395']
GO:BP	GO:0045786	negative regulation of cell cycle	0.04990619177204144	True	"""Any process that stops, prevents or reduces the rate or extent of progression through the cell cycle."" [GOC:dph, GOC:go_curators, GOC:tb]"	377	5569	136	21026	0.024420901418567068	0.36074270557029176	query_1	['GO:0007049', 'GO:0048523', 'GO:0051726']
